FIPS,County,State,Total OB-GYNs,Connected OB-GYNs,Hub Providers,Isolated OB-GYNs,Mean Degree,Pct Connected,Pct Isolated,Pct Hub,Subspecialties,Total Births,Morbidity Births,Morbidity Rate Raw,OB-GYN per 10K Births,Mean Betweenness,Mean Shared Patients,Morbidity Rate (%)
01003,"Baldwin County, AL",AL,29,14,4,15,3.55,48.3,51.7,13.8,4,2247,43.0,0.0191366266132621,129.1,1.4e-05,65.5,1.91
01015,"Calhoun County, AL",AL,12,9,1,3,6.33,75.0,25.0,8.3,2,1357,16.0,0.0117907148120854,88.4,0.004679,106.7,1.18
01055,"Etowah County, AL",AL,8,6,0,2,1.88,75.0,25.0,0.0,2,1214,11.0,0.0090609555189456,65.9,4.9e-05,34.1,0.91
01069,"Houston County, AL",AL,30,23,4,7,10.53,76.7,23.3,13.3,3,1333,0.0,0.0,225.1,0.000851,183.2,0.0
01073,"Jefferson County, AL",AL,220,74,3,146,1.54,33.6,66.4,1.4,7,8655,50.0,0.0057770075101097,254.2,2.5e-05,28.1,0.58
01081,"Lee County, AL",AL,20,13,3,7,5.7,65.0,35.0,15.0,3,1898,26.0,0.0136986301369863,105.4,6.9e-05,90.2,1.37
01089,"Madison County, AL",AL,78,20,3,58,1.73,25.6,74.4,3.8,6,4228,82.0,0.0193945127719962,184.5,6e-05,28.4,1.94
01097,"Mobile County, AL",AL,104,34,3,70,1.96,32.7,67.3,2.9,7,5504,76.0,0.0138081395348837,189.0,5.8e-05,33.7,1.38
01101,"Montgomery County, AL",AL,42,18,3,24,3.02,42.9,57.1,7.1,3,3139,27.0,0.0086014654348518,133.8,0.00012,48.2,0.86
01103,"Morgan County, AL",AL,14,6,2,8,6.07,42.9,57.1,14.3,3,1470,28.0,0.019047619047619,95.2,9.4e-05,116.5,1.9
01117,"Shelby County, AL",AL,12,3,0,9,0.58,25.0,75.0,0.0,3,2387,17.0,0.0071219103477167,50.3,0.0,7.8,0.71
01125,"Tuscaloosa County, AL",AL,17,7,1,10,3.35,41.2,58.8,5.9,1,2591,43.0,0.0165959089154766,65.6,8.9e-05,55.2,1.66
02020,"Anchorage Borough, AK",AK,87,5,0,82,0.24,5.7,94.3,0.0,7,4518,86.0,0.0190349712262062,192.6,0.0,3.7,1.9
04003,"Cochise County, AZ",AZ,8,3,0,5,0.75,37.5,62.5,0.0,1,1529,16.0,0.0104643557880967,52.3,0.0,9.6,1.05
04005,"Coconino County, AZ",AZ,37,6,1,31,0.68,16.2,83.8,2.7,2,1612,22.0,0.0136476426799007,229.5,0.0,9.6,1.36
04013,"Maricopa County, AZ",AZ,725,69,13,656,0.87,9.5,90.5,1.8,9,54126,411.0,0.0075933931936592,134.0,4.2e-05,16.1,0.76
04015,"Mohave County, AZ",AZ,12,6,2,6,6.0,50.0,50.0,16.7,3,1802,0.0,0.0,66.6,0.0,104.9,0.0
04017,"Navajo County, AZ",AZ,6,1,0,5,0.5,16.7,83.3,0.0,1,1497,21.0,0.0140280561122244,40.1,0.0,6.7,1.4
04019,"Pima County, AZ",AZ,182,29,5,153,1.15,15.9,84.1,2.7,7,11421,197.0,0.017248927414412,159.4,0.000111,22.6,1.72
04021,"Pinal County, AZ",AZ,23,0,0,23,0.0,0.0,100.0,0.0,4,4470,47.0,0.0105145413870246,51.4,0.0,0.0,1.05
04025,"Yavapai County, AZ",AZ,17,8,2,9,4.24,47.1,52.9,11.8,3,1868,17.0,0.0091006423982869,91.0,1.2e-05,70.3,0.91
04027,"Yuma County, AZ",AZ,24,9,0,15,1.17,37.5,62.5,0.0,2,3007,64.0,0.0212836714333222,79.8,5.4e-05,19.0,2.13
05007,"Benton County, AR",AR,36,9,3,27,2.5,25.0,75.0,8.3,4,3622,53.0,0.0146327995582551,99.4,8.5e-05,40.6,1.46
05045,"Faulkner County, AR",AR,22,12,0,10,2.18,54.5,45.5,0.0,2,1534,31.0,0.0202086049543676,143.4,3.6e-05,32.0,2.02
05119,"Pulaski County, AR",AR,129,39,4,90,4.93,30.2,69.8,3.1,8,5348,23.0,0.0043006731488406,241.2,9.6e-05,138.2,0.43
05125,"Saline County, AR",AR,5,1,0,4,1.6,20.0,80.0,0.0,2,1326,0.0,0.0,37.7,0.000113,21.6,0.0
05131,"Sebastian County, AR",AR,27,11,2,16,2.33,40.7,59.3,7.4,3,1721,32.0,0.0185938407902382,156.9,2.9e-05,39.7,1.86
05143,"Washington County, AR",AR,35,11,0,24,0.83,31.4,68.6,0.0,4,3280,36.0,0.0109756097560975,106.7,6e-06,13.0,1.1
06001,"Alameda County, CA",CA,376,48,4,328,0.63,12.8,87.2,1.1,8,19573,267.0,0.0136412404843406,192.1,8.8e-05,11.0,1.36
06007,"Butte County, CA",CA,33,12,3,21,3.3,36.4,63.6,9.1,5,2490,25.0,0.0100401606425702,132.5,3.2e-05,51.3,1.0
06013,"Contra Costa County, CA",CA,179,24,1,155,0.7,13.4,86.6,0.6,8,12340,252.0,0.0204213938411669,145.1,8.6e-05,11.3,2.04
06017,"El Dorado County, CA",CA,17,8,0,9,1.71,47.1,52.9,0.0,2,1601,14.0,0.0087445346658338,106.2,0.0,26.2,0.87
06019,"Fresno County, CA",CA,145,44,1,101,0.84,30.3,69.7,0.7,6,15129,50.0,0.0033049110978914,95.8,6e-06,14.2,0.33
06023,"Humboldt County, CA",CA,13,5,2,8,4.15,38.5,61.5,15.4,3,1482,31.0,0.0209176788124156,87.7,0.0,90.2,2.09
06025,"Imperial County, CA",CA,16,6,2,10,4.69,37.5,62.5,12.5,3,2939,0.0,0.0,54.4,0.0,86.4,0.0
06029,"Kern County, CA",CA,101,18,0,83,0.46,17.8,82.2,0.0,9,13728,87.0,0.0063374125874125,73.6,2e-06,6.2,0.63
06031,"Kings County, CA",CA,4,3,0,1,2.5,75.0,25.0,0.0,2,2248,0.0,0.0,17.8,0.0,33.5,0.0
06037,"Los Angeles County, CA",CA,1670,237,34,1433,1.06,14.2,85.8,2.0,9,123092,1105.0,0.0089770253143989,135.7,8.7e-05,20.7,0.9
06039,"Madera County, CA",CA,17,3,0,14,0.59,17.6,82.4,0.0,4,2355,84.0,0.0356687898089171,72.2,0.0,9.3,3.57
06041,"Marin County, CA",CA,61,16,5,45,2.75,26.2,73.8,8.2,4,2252,20.0,0.0088809946714031,270.9,8.6e-05,46.2,0.89
06047,"Merced County, CA",CA,20,8,0,12,1.2,40.0,60.0,0.0,3,4117,31.0,0.0075297546757347,48.6,0.0,17.2,0.75
06053,"Monterey County, CA",CA,65,22,7,43,4.15,33.8,66.2,10.8,3,6219,75.0,0.0120598166907863,104.5,0.000112,77.4,1.21
06055,"Napa County, CA",CA,22,8,1,14,2.73,36.4,63.6,4.5,2,1406,21.0,0.0149359886201991,156.5,8.1e-05,45.5,1.49
06059,"Orange County, CA",CA,566,95,9,471,0.78,16.8,83.2,1.6,8,38106,289.0,0.0075841074896341,148.5,0.0,12.7,0.76
06061,"Placer County, CA",CA,67,10,1,57,1.04,14.9,85.1,1.5,5,3732,55.0,0.0147374062165058,179.5,4e-05,17.0,1.47
06065,"Riverside County, CA",CA,191,28,10,163,1.74,14.7,85.3,5.2,8,30661,223.0,0.0072730830696976,62.3,4.3e-05,32.0,0.73
06067,"Sacramento County, CA",CA,334,37,4,297,0.52,11.1,88.9,1.2,7,19588,235.0,0.0119971411068,170.5,1e-05,9.6,1.2
06071,"San Bernardino County, CA",CA,255,25,2,230,0.48,9.8,90.2,0.8,8,31032,651.0,0.0209783449342614,82.2,2e-06,8.1,2.1
06073,"San Diego County, CA",CA,646,52,0,594,0.24,8.0,92.0,0.0,7,42720,743.0,0.0173923220973782,151.2,0.0,3.7,1.74
06075,"San Francisco County, CA",CA,296,42,3,254,0.66,14.2,85.8,1.0,7,9062,119.0,0.0131317589935996,326.6,1.7e-05,10.2,1.31
06077,"San Joaquin County, CA",CA,84,23,1,61,0.93,27.4,72.6,1.2,4,10268,48.0,0.0046747175691468,81.8,0.0,15.6,0.47
06079,"San Luis Obispo County, CA",CA,45,17,0,28,1.0,37.8,62.2,0.0,6,2581,19.0,0.0073614877954281,174.4,2e-06,13.9,0.74
06081,"San Mateo County, CA",CA,132,27,0,105,0.63,20.5,79.5,0.0,6,8960,62.0,0.0069196428571428,147.3,4e-06,10.9,0.69
06083,"Santa Barbara County, CA",CA,92,16,2,76,0.98,17.4,82.6,2.2,7,5501,45.0,0.0081803308489365,167.2,0.0,15.6,0.82
06085,"Santa Clara County, CA",CA,562,86,3,476,0.56,15.3,84.7,0.5,7,23042,348.0,0.015102855654891,243.9,8e-06,10.7,1.51
06087,"Santa Cruz County, CA",CA,48,15,0,33,0.79,31.2,68.8,0.0,4,2799,21.0,0.007502679528403,171.5,4e-06,15.6,0.75
06089,"Shasta County, CA",CA,16,7,2,9,5.81,43.8,56.2,12.5,2,2048,0.0,0.0,78.1,0.001197,91.8,0.0
06095,"Solano County, CA",CA,70,8,0,62,0.36,11.4,88.6,0.0,4,5259,64.0,0.012169613995056,133.1,1e-06,6.0,1.22
06097,"Sonoma County, CA",CA,56,15,4,41,2.23,26.8,73.2,7.1,4,4962,66.0,0.0133010882708585,112.9,5.2e-05,35.8,1.33
06099,"Stanislaus County, CA",CA,72,18,1,54,3.44,25.0,75.0,1.4,5,7862,24.0,0.0030526583566522,91.6,1e-06,67.4,0.31
06107,"Tulare County, CA",CA,54,16,0,38,1.0,29.6,70.4,0.0,3,7146,27.0,0.0037783375314861,75.6,0.0,17.0,0.38
06111,"Ventura County, CA",CA,129,27,1,102,0.98,20.9,79.1,0.8,9,9592,127.0,0.0132402001668056,134.5,1.7e-05,14.9,1.32
06113,"Yolo County, CA",CA,26,5,1,21,1.54,19.2,80.8,3.8,2,2423,29.0,0.0119686339248865,107.3,0.0,26.9,1.2
08001,"Adams County, CO",CO,201,20,1,181,0.38,10.0,90.0,0.5,7,6672,76.0,0.0113908872901678,301.3,0.0,10.5,1.14
08005,"Arapahoe County, CO",CO,137,7,0,130,0.24,5.1,94.9,0.0,5,7910,121.0,0.0152970922882427,173.2,0.0,3.9,1.53
08013,"Boulder County, CO",CO,93,12,0,81,0.22,12.9,87.1,0.0,3,2729,41.0,0.0150238182484426,340.8,0.0,3.0,1.5
08031,"Denver County, CO",CO,223,20,1,203,1.88,9.0,91.0,0.4,7,10006,171.0,0.0170897461523086,222.9,0.0,44.2,1.71
08035,"Douglas County, CO",CO,99,5,1,94,0.36,5.1,94.9,1.0,6,3488,68.0,0.0194954128440367,283.8,0.0,5.6,1.95
08041,"El Paso County, CO",CO,113,13,1,100,0.58,11.5,88.5,0.9,6,9490,83.0,0.0087460484720758,119.1,0.0,10.3,0.87
08059,"Jefferson County, CO",CO,70,1,0,69,0.03,1.4,98.6,0.0,4,6104,67.0,0.0109764089121887,114.7,0.0,0.4,1.1
08069,"Larimer County, CO",CO,47,10,0,37,0.55,21.3,78.7,0.0,5,3375,35.0,0.0103703703703703,139.3,0.0,8.6,1.04
08077,"Mesa County, CO",CO,29,5,1,24,0.97,17.2,82.8,3.4,4,1770,16.0,0.0090395480225988,163.8,0.0,15.2,0.9
08101,"Pueblo County, CO",CO,24,8,0,16,0.79,33.3,66.7,0.0,3,1883,19.0,0.0100902814657461,127.5,0.0,11.3,1.01
08123,"Weld County, CO",CO,22,3,1,19,1.0,13.6,86.4,4.5,3,4306,50.0,0.011611704598235,51.1,0.0,13.5,1.16
09001,"Fairfield County, CT",CT,295,91,2,204,1.1,30.8,69.2,0.7,9,10064,108.0,0.0107313195548489,293.1,0.00012,20.8,1.07
09003,"Hartford County, CT",CT,238,87,0,151,0.77,36.6,63.4,0.0,7,9442,94.0,0.0099555178987502,252.1,8e-06,14.8,1.0
09005,"Litchfield County, CT",CT,14,11,0,3,3.64,78.6,21.4,0.0,1,1422,23.0,0.0161744022503516,98.4,9e-06,61.6,1.62
09007,"Middlesex County, CT",CT,23,8,0,15,2.52,34.8,65.2,0.0,3,1277,22.0,0.0172278778386844,180.1,5.8e-05,43.2,1.72
09009,"New Haven County, CT",CT,243,58,2,185,0.86,23.9,76.1,0.8,7,8886,131.0,0.0147422912446545,273.5,5.6e-05,13.5,1.47
09011,"New London County, CT",CT,36,16,1,20,2.25,44.4,55.6,2.8,3,2647,22.0,0.0083112958065734,136.0,1.7e-05,34.8,0.83
09013,"Tolland County, CT",CT,10,5,0,5,1.1,50.0,50.0,0.0,2,1175,20.0,0.0170212765957446,85.1,5.8e-05,17.4,1.7
09015,"Windham County, CT",CT,13,3,0,10,0.69,23.1,76.9,0.0,2,1102,25.0,0.0226860254083484,118.0,0.0,9.5,2.27
10001,"Kent County, DE",DE,15,9,3,6,7.13,60.0,40.0,20.0,3,2190,53.0,0.0242009132420091,68.5,0.003154,104.2,2.42
10003,"New Castle County, DE",DE,112,29,2,83,1.71,25.9,74.1,1.8,7,6501,189.0,0.0290724503922473,172.3,0.000469,26.3,2.91
10005,"Sussex County, DE",DE,31,15,7,16,10.61,48.4,51.6,22.6,3,2301,48.0,0.0208604954367666,134.7,0.000183,207.4,2.09
11001,"District of Columbia, DC",DC,297,18,2,279,0.26,6.1,93.9,0.7,7,9858,71.0,0.0072022722661797,301.3,0.0,3.7,0.72
12001,"Alachua County, FL",FL,43,11,3,32,3.35,25.6,74.4,7.0,5,2862,10.0,0.0034940600978336,150.2,0.0,51.7,0.35
12005,"Bay County, FL",FL,24,8,1,16,1.96,33.3,66.7,4.2,4,2343,15.0,0.0064020486555697,102.4,0.0,36.0,0.64
12009,"Brevard County, FL",FL,78,29,7,49,4.01,37.2,62.8,9.0,7,5273,16.0,0.0030343258107339,147.9,5.9e-05,63.5,0.3
12011,"Broward County, FL",FL,362,58,4,304,0.93,16.0,84.0,1.1,8,22563,85.0,0.0037672295350795,160.4,5.7e-05,15.1,0.38
12015,"Charlotte County, FL",FL,13,6,1,7,7.46,46.2,53.8,7.7,2,1037,0.0,0.0,125.4,0.000153,140.2,0.0
12017,"Citrus County, FL",FL,12,8,2,4,9.08,66.7,33.3,16.7,2,1064,0.0,0.0,112.8,0.000157,144.8,0.0
12019,"Clay County, FL",FL,28,6,0,22,0.5,21.4,78.6,0.0,3,2209,14.0,0.0063377093707559,126.8,0.0,8.7,0.63
12021,"Collier County, FL",FL,67,24,5,43,3.09,35.8,64.2,7.5,6,3322,40.0,0.012040939193257,201.7,0.000182,49.1,1.2
12031,"Duval County, FL",FL,230,49,11,181,1.66,21.3,78.7,4.8,7,13292,144.0,0.0108335841107433,173.0,0.0,25.4,1.08
12033,"Escambia County, FL",FL,104,28,2,76,1.04,26.9,73.1,1.9,6,3967,23.0,0.0057978321149483,262.2,2.7e-05,15.8,0.58
12053,"Hernando County, FL",FL,18,5,1,13,2.61,27.8,72.2,5.6,3,1585,10.0,0.0063091482649842,113.6,0.001736,40.6,0.63
12057,"Hillsborough County, FL",FL,365,45,3,320,0.53,12.3,87.7,0.8,8,17325,102.0,0.0058874458874458,210.7,7.2e-05,8.1,0.59
12061,"Indian River County, FL",FL,22,7,5,15,10.95,31.8,68.2,22.7,3,1245,14.0,0.0112449799196787,176.7,0.001415,199.4,1.12
12069,"Lake County, FL",FL,36,16,3,20,4.83,44.4,55.6,8.3,4,3269,18.0,0.0055062710308962,110.1,0.000243,82.5,0.55
12071,"Lee County, FL",FL,108,30,5,78,1.62,27.8,72.2,4.6,7,6750,31.0,0.0045925925925925,160.0,1.2e-05,24.7,0.46
12073,"Leon County, FL",FL,47,6,1,41,0.91,12.8,87.2,2.1,4,2989,16.0,0.0053529608564737,157.2,4e-06,14.1,0.54
12081,"Manatee County, FL",FL,56,18,3,38,2.38,32.1,67.9,5.4,5,3445,27.0,0.0078374455732946,162.6,3.8e-05,41.1,0.78
12083,"Marion County, FL",FL,26,14,3,12,11.38,53.8,46.2,11.5,3,3472,11.0,0.0031682027649769,74.9,0.000362,229.9,0.32
12085,"Martin County, FL",FL,30,13,2,17,5.1,43.3,56.7,6.7,2,1273,18.0,0.01413982717989,235.7,0.000604,81.9,1.41
12086,"Miami-Dade County, FL",FL,482,44,5,438,0.93,9.1,90.9,1.0,9,32697,141.0,0.0043123222313973,147.4,1.5e-05,16.6,0.43
12091,"Okaloosa County, FL",FL,43,8,2,35,8.35,18.6,81.4,4.7,3,2784,24.0,0.0086206896551724,154.4,0.000253,399.3,0.86
12095,"Orange County, FL",FL,404,59,4,345,0.76,14.6,85.4,1.0,8,16653,96.0,0.0057647270762024,242.6,5.3e-05,12.7,0.58
12097,"Osceola County, FL",FL,72,19,1,53,0.75,26.4,73.6,1.4,6,4328,10.0,0.0023105360443622,166.4,0.000261,13.2,0.23
12099,"Palm Beach County, FL",FL,278,77,16,201,3.28,27.7,72.3,5.8,8,14965,115.0,0.0076845973939191,185.8,0.000322,52.4,0.77
12101,"Pasco County, FL",FL,45,13,1,32,2.84,28.9,71.1,2.2,5,5108,64.0,0.0125293657008613,88.1,0.000397,47.6,1.25
12103,"Pinellas County, FL",FL,162,36,4,126,1.14,22.2,77.8,2.5,8,8480,72.0,0.0084905660377358,191.0,2e-05,18.8,0.85
12105,"Polk County, FL",FL,76,20,6,56,3.36,26.3,73.7,7.9,6,7804,54.0,0.0069195284469502,97.4,7.7e-05,60.9,0.69
12109,"St. Johns County, FL",FL,37,8,3,29,2.95,21.6,78.4,8.1,4,2120,18.0,0.0084905660377358,174.5,1.3e-05,48.0,0.85
12111,"St. Lucie County, FL",FL,22,8,3,14,2.68,36.4,63.6,13.6,3,2999,28.0,0.0093364454818272,73.4,0.000689,40.5,0.93
12113,"Santa Rosa County, FL",FL,12,5,2,7,5.25,41.7,58.3,16.7,2,1906,12.0,0.0062959076600209,63.0,7.8e-05,99.2,0.63
12115,"Sarasota County, FL",FL,92,33,11,59,5.97,35.9,64.1,12.0,7,2926,30.0,0.010252904989747,314.4,0.000184,115.2,1.03
12117,"Seminole County, FL",FL,52,13,0,39,0.65,25.0,75.0,0.0,4,4753,17.0,0.0035766884073216,109.4,3.2e-05,9.4,0.36
12127,"Volusia County, FL",FL,43,14,4,29,3.81,32.6,67.4,9.3,5,5032,37.0,0.0073529411764705,85.4,6.7e-05,56.8,0.74
13015,"Bartow County, GA",GA,5,2,0,3,2.2,40.0,60.0,0.0,2,1338,0.0,0.0,37.4,0.000108,40.2,0.0
13021,"Bibb County, GA",GA,80,20,3,60,1.21,25.0,75.0,3.8,8,2191,17.0,0.0077590141487905,365.1,2e-05,20.0,0.78
13045,"Carroll County, GA",GA,25,8,1,17,1.76,32.0,68.0,4.0,3,1615,11.0,0.0068111455108359,154.8,5.9e-05,25.6,0.68
13051,"Chatham County, GA",GA,72,16,1,56,1.08,22.2,77.8,1.4,7,3975,21.0,0.0052830188679245,181.1,2.1e-05,19.4,0.53
13057,"Cherokee County, GA",GA,25,8,0,17,0.96,32.0,68.0,0.0,2,2700,43.0,0.0159259259259259,92.6,0.002068,14.6,1.59
13059,"Clarke County, GA",GA,38,7,0,31,0.61,18.4,81.6,0.0,5,1392,20.0,0.014367816091954,273.0,2.3e-05,11.3,1.44
13063,"Clayton County, GA",GA,24,2,0,22,0.12,8.3,91.7,0.0,3,3809,25.0,0.0065634024678393,63.0,0.0,1.8,0.66
13067,"Cobb County, GA",GA,148,12,1,136,0.28,8.1,91.9,0.7,7,9579,111.0,0.0115878484184152,154.5,0.0,4.6,1.16
13073,"Columbia County, GA",GA,5,2,0,3,1.2,40.0,60.0,0.0,2,1831,26.0,0.014199890770071,27.3,0.0,19.2,1.42
13077,"Coweta County, GA",GA,22,5,1,17,1.45,22.7,77.3,4.5,3,1634,11.0,0.0067319461444308,134.6,0.0,22.2,0.67
13089,"DeKalb County, GA",GA,122,16,1,106,0.57,13.1,86.9,0.8,6,11060,66.0,0.0059674502712477,110.3,0.00043,9.9,0.6
13097,"Douglas County, GA",GA,18,4,0,14,0.78,22.2,77.8,0.0,4,1693,17.0,0.0100413467217956,106.3,0.0,10.4,1.0
13113,"Fayette County, GA",GA,42,12,2,30,2.07,28.6,71.4,4.8,4,911,0.0,0.0,461.0,2e-05,33.5,0.0
13117,"Forsyth County, GA",GA,12,1,0,11,0.17,8.3,91.7,0.0,3,2297,28.0,0.0121898127993034,52.2,0.0,2.4,1.22
13121,"Fulton County, GA",GA,486,51,3,435,0.39,10.5,89.5,0.6,8,13123,101.0,0.0076964108816581,370.3,5e-06,6.1,0.77
13135,"Gwinnett County, GA",GA,138,21,1,117,0.64,15.2,84.8,0.7,7,11365,62.0,0.0054553453585569,121.4,9e-06,11.1,0.55
13139,"Hall County, GA",GA,43,12,0,31,0.81,27.9,72.1,0.0,6,2574,0.0,0.0,167.1,1.9e-05,13.6,0.0
13151,"Henry County, GA",GA,36,3,0,33,0.08,8.3,91.7,0.0,4,2511,15.0,0.005973715651135,143.4,0.0,2.1,0.6
13153,"Houston County, GA",GA,14,7,1,7,3.14,50.0,50.0,7.1,2,1956,0.0,0.0,71.6,1e-06,50.4,0.0
13185,"Lowndes County, GA",GA,12,8,4,4,10.92,66.7,33.3,33.3,2,1605,35.0,0.0218068535825545,74.8,0.0,173.2,2.18
13215,"Muscogee County, GA",GA,49,17,1,32,1.63,34.7,65.3,2.0,7,2912,43.0,0.0147664835164835,168.3,1.5e-05,27.9,1.48
13223,"Paulding County, GA",GA,5,1,0,4,0.4,20.0,80.0,0.0,2,1644,0.0,0.0,30.4,0.0,19.6,0.0
13245,"Richmond County, GA",GA,122,20,4,102,1.5,16.4,83.6,3.3,7,3061,29.0,0.0094740280953936,398.6,0.0,26.1,0.95
13313,"Whitfield County, GA",GA,16,8,0,8,2.56,50.0,50.0,0.0,2,1424,0.0,0.0,112.4,3.7e-05,41.1,0.0
15001,"Hawaii County, HI",HI,26,7,1,19,2.04,26.9,73.1,3.8,2,2349,20.0,0.0085142613878246,110.7,0.0,46.5,0.85
15003,"Honolulu County, HI",HI,277,54,3,223,1.03,19.5,80.5,1.1,7,12983,217.0,0.0167141646768851,213.4,0.0,18.0,1.67
15009,"Maui County, HI",HI,34,4,0,30,0.32,11.8,88.2,0.0,1,1882,0.0,0.0,180.7,0.0,4.7,0.0
16001,"Ada County, ID",ID,108,7,0,101,0.29,6.5,93.5,0.0,7,5045,70.0,0.0138751238850346,214.1,0.0,4.2,1.39
16019,"Bonneville County, ID",ID,23,10,0,13,2.26,43.5,56.5,0.0,3,1910,21.0,0.0109947643979057,120.4,0.0,35.6,1.1
16027,"Canyon County, ID",ID,29,2,0,27,0.1,6.9,93.1,0.0,3,3129,45.0,0.0143815915627996,92.7,0.0,1.2,1.44
16055,"Kootenai County, ID",ID,22,2,0,20,0.09,9.1,90.9,0.0,5,1754,21.0,0.0119726339794754,125.4,0.0,1.0,1.2
17019,"Champaign County, IL",IL,62,12,0,50,0.81,19.4,80.6,0.0,3,2395,45.0,0.0187891440501043,258.9,0.0,12.5,1.88
17031,"Cook County, IL",IL,1505,203,24,1302,0.76,13.5,86.5,1.6,9,66779,1193.0,0.017864897647464,225.4,0.0001,12.6,1.79
17037,"DeKalb County, IL",IL,14,3,0,11,0.57,21.4,78.6,0.0,2,1093,24.0,0.0219579139981701,128.1,0.0,8.3,2.2
17043,"DuPage County, IL",IL,252,46,2,206,0.57,18.3,81.7,0.8,6,10832,158.0,0.014586410635155,232.6,4e-06,8.7,1.46
17089,"Kane County, IL",IL,69,14,2,55,1.23,20.3,79.7,2.9,5,6710,64.0,0.0095380029806259,102.8,2.3e-05,26.5,0.95
17091,"Kankakee County, IL",IL,11,4,0,7,1.64,36.4,63.6,0.0,1,1354,16.0,0.0118168389955686,81.2,0.000111,20.8,1.18
17093,"Kendall County, IL",IL,2,0,0,2,0.0,0.0,100.0,0.0,1,1595,14.0,0.0087774294670846,12.5,0.0,0.0,0.88
17097,"Lake County, IL",IL,126,34,3,92,1.48,27.0,73.0,2.4,6,7660,107.0,0.0139686684073107,164.5,1.1e-05,24.1,1.4
17099,"LaSalle County, IL",IL,9,6,0,3,2.78,66.7,33.3,0.0,2,1262,16.0,0.0126782884310618,71.3,1e-06,41.9,1.27
17111,"McHenry County, IL",IL,30,15,0,15,0.97,50.0,50.0,0.0,4,3090,18.0,0.0058252427184466,97.1,7.7e-05,13.5,0.58
17113,"McLean County, IL",IL,20,6,0,14,0.95,30.0,70.0,0.0,1,2020,28.0,0.0138613861386138,99.0,0.0,14.6,1.39
17115,"Macon County, IL",IL,16,2,0,14,0.94,12.5,87.5,0.0,3,1327,24.0,0.0180859080633006,120.6,0.0,15.3,1.81
17119,"Madison County, IL",IL,30,11,0,19,1.2,36.7,63.3,0.0,3,3051,51.0,0.0167158308751229,98.3,7e-06,17.1,1.67
17143,"Peoria County, IL",IL,37,15,2,22,2.57,40.5,59.5,5.4,6,2536,60.0,0.0236593059936908,145.9,0.0,42.7,2.37
17161,"Rock Island County, IL",IL,18,7,1,11,1.89,38.9,61.1,5.6,2,1776,26.0,0.0146396396396396,101.4,0.0,33.1,1.46
17163,"St. Clair County, IL",IL,34,14,0,20,1.65,41.2,58.8,0.0,2,3228,40.0,0.0123915737298636,105.3,1.2e-05,24.5,1.24
17167,"Sangamon County, IL",IL,85,19,0,66,0.49,22.4,77.6,0.0,6,2245,49.0,0.021826280623608,378.6,0.0,7.1,2.18
17179,"Tazewell County, IL",IL,3,2,1,1,5.0,66.7,33.3,33.3,1,1496,29.0,0.0193850267379679,20.0,1e-06,82.7,1.94
17197,"Will County, IL",IL,44,7,1,37,1.11,15.9,84.1,2.3,5,7804,158.0,0.0202460276781137,56.4,5.7e-05,15.0,2.02
17201,"Winnebago County, IL",IL,53,7,0,46,0.45,13.2,86.8,0.0,5,3711,64.0,0.0172460253300997,142.8,0.0,5.8,1.72
18003,"Allen County, IN",IN,82,18,1,64,0.57,22.0,78.0,1.2,6,5151,68.0,0.0132013201320132,159.2,5.3e-05,11.3,1.32
18019,"Clark County, IN",IN,14,5,0,9,1.57,35.7,64.3,0.0,3,1448,15.0,0.0103591160220994,96.7,0.0,21.1,1.04
18035,"Delaware County, IN",IN,15,8,1,7,13.07,53.3,46.7,6.7,2,1174,16.0,0.0136286201022146,127.8,0.000259,255.5,1.36
18039,"Elkhart County, IN",IN,30,10,1,20,1.67,33.3,66.7,3.3,4,3126,48.0,0.0153550863723608,96.0,6e-06,31.8,1.54
18057,"Hamilton County, IN",IN,106,23,3,83,3.38,21.7,78.3,2.8,6,3798,49.0,0.0129015271195365,279.1,0.000114,65.3,1.29
18063,"Hendricks County, IN",IN,37,4,0,33,0.38,10.8,89.2,0.0,4,1760,27.0,0.015340909090909,210.2,1e-06,4.9,1.53
18081,"Johnson County, IN",IN,11,3,0,8,0.73,27.3,72.7,0.0,3,1871,25.0,0.0133618385889898,58.8,5e-06,9.8,1.34
18089,"Lake County, IN",IN,92,34,1,58,1.2,37.0,63.0,1.1,6,5657,65.0,0.0114901891461905,162.6,0.000591,18.9,1.15
18091,"La Porte County, IN",IN,17,6,0,11,1.12,35.3,64.7,0.0,1,1305,15.0,0.0114942528735632,130.3,1e-06,15.4,1.15
18095,"Madison County, IN",IN,14,5,0,9,0.79,35.7,64.3,0.0,2,1506,14.0,0.0092961487383798,93.0,0.0,11.4,0.93
18097,"Marion County, IN",IN,268,46,5,222,1.24,17.2,82.8,1.9,7,14294,200.0,0.01399188470687,187.5,5.9e-05,28.4,1.4
18105,"Monroe County, IN",IN,35,12,1,23,1.2,34.3,65.7,2.9,3,1301,0.0,0.0,269.0,3.2e-05,21.2,0.0
18127,"Porter County, IN",IN,17,7,0,10,1.41,41.2,58.8,0.0,1,1750,19.0,0.0108571428571428,97.1,0.0,20.4,1.09
18141,"St. Joseph County, IN",IN,46,7,0,39,0.63,15.2,84.8,0.0,2,3577,36.0,0.0100642996924797,128.6,1e-06,9.9,1.01
18157,"Tippecanoe County, IN",IN,30,6,0,24,0.67,20.0,80.0,0.0,3,2359,30.0,0.0127172530733361,127.2,0.0,9.2,1.27
18163,"Vanderburgh County, IN",IN,20,4,0,16,0.45,20.0,80.0,0.0,3,2269,25.0,0.0110180696342,88.1,3e-06,8.1,1.1
18167,"Vigo County, IN",IN,14,3,0,11,1.07,21.4,78.6,0.0,4,1288,0.0,0.0,108.7,6e-06,15.4,0.0
19013,"Black Hawk County, IA",IA,16,5,0,11,0.69,31.2,68.8,0.0,2,1671,23.0,0.0137642130460801,95.8,0.0,12.5,1.38
19103,"Johnson County, IA",IA,121,17,3,104,0.93,14.0,86.0,2.5,7,1857,42.0,0.0226171243941841,651.6,0.0,16.7,2.26
19113,"Linn County, IA",IA,33,10,1,23,1.58,30.3,69.7,3.0,4,2800,23.0,0.0082142857142857,117.9,0.0,24.0,0.82
19153,"Polk County, IA",IA,83,13,2,70,1.29,15.7,84.3,2.4,7,6921,132.0,0.0190723883831816,119.9,0.0,24.6,1.91
19163,"Scott County, IA",IA,28,9,1,19,1.71,32.1,67.9,3.6,3,2213,32.0,0.0144600090375056,126.5,0.0,27.4,1.45
19193,"Woodbury County, IA",IA,17,5,0,12,0.71,29.4,70.6,0.0,3,1549,30.0,0.0193673337637185,109.8,0.0,9.5,1.94
20045,"Douglas County, KS",KS,9,4,0,5,0.78,44.4,55.6,0.0,1,1177,14.0,0.0118946474086661,76.5,0.000601,10.3,1.19
20091,"Johnson County, KS",KS,139,17,3,122,0.68,12.2,87.8,2.2,7,7360,53.0,0.0072010869565217,188.9,6e-06,9.9,0.72
20173,"Sedgwick County, KS",KS,99,11,0,88,0.28,11.1,88.9,0.0,7,7309,85.0,0.0116294978793268,135.4,0.0,5.3,1.16
20177,"Shawnee County, KS",KS,19,4,0,15,0.37,21.1,78.9,0.0,4,2189,11.0,0.0050251256281407,86.8,0.0,5.1,0.5
20209,"Wyandotte County, KS",KS,8,1,0,7,0.25,12.5,87.5,0.0,1,2695,18.0,0.0066790352504638,29.7,0.0,3.0,0.67
21015,"Boone County, KY",KY,18,2,0,16,0.11,11.1,88.9,0.0,3,1681,33.0,0.0196311719214753,107.1,0.0,1.4,1.96
21067,"Fayette County, KY",KY,79,24,1,55,1.78,30.4,69.6,1.3,6,4090,44.0,0.0107579462102689,193.2,9e-05,32.6,1.08
21093,"Hardin County, KY",KY,17,7,0,10,1.12,41.2,58.8,0.0,3,1441,0.0,0.0,118.0,5e-06,18.2,0.0
21111,"Jefferson County, KY",KY,221,51,5,170,1.01,23.1,76.9,2.3,7,9889,90.0,0.0091010213368389,223.5,9e-06,20.6,0.91
21117,"Kenton County, KY",KY,45,7,1,38,0.84,15.6,84.4,2.2,4,2329,56.0,0.0240446543580936,193.2,2.3e-05,16.8,2.4
21227,"Warren County, KY",KY,30,10,0,20,0.7,33.3,66.7,0.0,3,1640,0.0,0.0,182.9,6e-06,10.8,0.0
22005,"Ascension Parish, LA",LA,1,0,0,1,0.0,0.0,100.0,0.0,1,1751,40.0,0.0228440890919474,5.7,0.0,0.0,2.28
22015,"Bossier Parish, LA",LA,11,4,0,7,0.91,36.4,63.6,0.0,1,1751,12.0,0.0068532267275842,62.8,0.0,14.6,0.69
22017,"Caddo Parish, LA",LA,92,28,4,64,2.05,30.4,69.6,4.3,6,3364,30.0,0.0089179548156956,273.5,3e-06,34.7,0.89
22019,"Calcasieu Parish, LA",LA,33,16,1,17,2.52,48.5,51.5,3.0,3,3034,0.0,0.0,108.8,5e-06,35.8,0.0
22033,"East Baton Rouge Parish, LA",LA,127,21,0,106,0.69,16.5,83.5,0.0,6,6125,117.0,0.0191020408163265,207.4,0.0,10.4,1.91
22051,"Jefferson Parish, LA",LA,128,22,1,106,0.47,17.2,82.8,0.8,6,5887,85.0,0.0144385935111262,217.4,1.5e-05,6.8,1.44
22055,"Lafayette Parish, LA",LA,61,27,0,34,1.05,44.3,55.7,0.0,7,3369,0.0,0.0,181.1,4.1e-05,18.6,0.0
22071,"Orleans Parish, LA",LA,133,22,0,111,0.48,16.5,83.5,0.0,7,4835,70.0,0.014477766287487,275.1,0.0,7.1,1.45
22073,"Ouachita Parish, LA",LA,23,11,0,12,2.61,47.8,52.2,0.0,1,2224,0.0,0.0,103.4,0.0,39.2,0.0
22079,"Rapides Parish, LA",LA,28,14,0,14,2.46,50.0,50.0,0.0,4,1840,0.0,0.0,152.2,0.0,39.4,0.0
22103,"St. Tammany Parish, LA",LA,51,13,0,38,0.96,25.5,74.5,0.0,5,3089,20.0,0.0064745872450631,165.1,0.0,14.4,0.65
22105,"Tangipahoa Parish, LA",LA,20,9,0,11,1.7,45.0,55.0,0.0,3,1984,19.0,0.0095766129032258,100.8,0.0,25.4,0.96
22109,"Terrebonne Parish, LA",LA,16,7,3,9,5.94,43.8,56.2,18.8,3,1570,0.0,0.0,101.9,0.0,90.9,0.0
23001,"Androscoggin County, ME",ME,18,5,0,13,1.22,27.8,72.2,0.0,1,1247,21.0,0.0168404170008019,144.4,0.0,16.9,1.68
23005,"Cumberland County, ME",ME,104,22,0,82,0.66,21.2,78.8,0.0,6,2830,38.0,0.0134275618374558,367.5,0.0,9.5,1.34
23011,"Kennebec County, ME",ME,21,6,2,15,1.95,28.6,71.4,9.5,2,1164,14.0,0.0120274914089347,180.4,0.0,30.8,1.2
23019,"Penobscot County, ME",ME,20,7,0,13,0.85,35.0,65.0,0.0,3,1483,19.0,0.0128118678354686,134.9,0.0,15.0,1.28
23031,"York County, ME",ME,23,10,0,13,1.13,43.5,56.5,0.0,4,1898,28.0,0.0147523709167544,121.2,0.0,17.5,1.48
24003,"Anne Arundel County, MD",MD,101,13,0,88,0.44,12.9,87.1,0.0,9,6967,55.0,0.0078943591215731,145.0,1e-06,7.1,0.79
24005,"Baltimore County, MD",MD,206,25,4,181,0.73,12.1,87.9,1.9,7,9838,112.0,0.0113844277292132,209.4,1.5e-05,10.6,1.14
24013,"Carroll County, MD",MD,19,3,0,16,0.16,15.8,84.2,0.0,2,1737,75.0,0.0431778929188255,109.4,0.0,2.4,4.32
24015,"Cecil County, MD",MD,7,5,2,2,32.14,71.4,28.6,28.6,1,1106,23.0,0.0207956600361663,63.3,0.005755,689.7,2.08
24017,"Charles County, MD",MD,12,1,0,11,0.17,8.3,91.7,0.0,2,1812,16.0,0.0088300220750551,66.2,0.0,2.5,0.88
24021,"Frederick County, MD",MD,31,5,0,26,0.84,16.1,83.9,0.0,4,2839,28.0,0.0098626276858048,109.2,0.0,11.7,0.99
24025,"Harford County, MD",MD,20,4,0,16,0.75,20.0,80.0,0.0,4,2699,24.0,0.0088921822897369,74.1,3.2e-05,11.2,0.89
24027,"Howard County, MD",MD,85,9,1,76,0.61,10.6,89.4,1.2,4,3569,61.0,0.0170916223031661,238.2,0.000107,8.8,1.71
24031,"Montgomery County, MD",MD,309,32,3,277,0.55,10.4,89.6,1.0,8,13123,152.0,0.0115827173664558,235.5,0.0,8.8,1.16
24033,"Prince George's County, MD",MD,107,13,0,94,0.37,12.1,87.9,0.0,5,12296,148.0,0.0120364346128822,87.0,1e-06,5.7,1.2
24037,"St. Mary's County, MD",MD,10,5,0,5,2.8,50.0,50.0,0.0,2,1425,24.0,0.0168421052631578,70.2,0.000118,43.4,1.68
24043,"Washington County, MD",MD,25,7,1,18,1.52,28.0,72.0,4.0,4,1694,30.0,0.0177095631641086,147.6,4e-06,22.1,1.77
24510,"Baltimore city, MD",MD,210,33,4,177,1.4,15.7,84.3,1.9,7,8504,129.0,0.0151693320790216,246.9,3.3e-05,22.2,1.52
25001,"Barnstable County, MA",MA,32,16,6,16,6.66,50.0,50.0,18.8,3,1601,0.0,0.0,199.9,0.0,104.6,0.0
25003,"Berkshire County, MA",MA,20,11,3,9,4.35,55.0,45.0,15.0,2,1027,12.0,0.0116845180136319,194.7,0.0,72.4,1.17
25005,"Bristol County, MA",MA,65,38,4,27,4.85,58.5,41.5,6.2,5,5643,55.0,0.0097465886939571,115.2,1e-06,73.1,0.97
25009,"Essex County, MA",MA,91,35,3,56,2.0,38.5,61.5,3.3,6,8386,75.0,0.0089434772239446,108.5,1.2e-05,28.8,0.89
25013,"Hampden County, MA",MA,103,42,6,61,2.48,40.8,59.2,5.8,8,4956,63.0,0.0127118644067796,207.8,1e-06,39.2,1.27
25015,"Hampshire County, MA",MA,21,9,0,12,1.9,42.9,57.1,0.0,2,1009,21.0,0.020812685827552,208.1,0.0,28.2,2.08
25017,"Middlesex County, MA",MA,235,42,3,193,1.43,17.9,82.1,1.3,8,17198,217.0,0.0126177462495639,136.6,0.0,30.9,1.26
25021,"Norfolk County, MA",MA,208,29,1,179,0.52,13.9,86.1,0.5,7,7341,123.0,0.0167552104617899,283.3,0.0,7.2,1.68
25023,"Plymouth County, MA",MA,54,19,1,35,1.63,35.2,64.8,1.9,4,5135,91.0,0.0177215189873417,105.2,0.0,22.8,1.77
25025,"Suffolk County, MA",MA,496,46,2,450,0.51,9.3,90.7,0.4,9,9384,188.0,0.0200341005967604,528.6,0.0,7.0,2.0
25027,"Worcester County, MA",MA,189,44,0,145,0.7,23.3,76.7,0.0,8,8678,225.0,0.0259276330951832,217.8,0.0,10.9,2.59
26005,"Allegan County, MI",MI,3,0,0,3,0.0,0.0,100.0,0.0,2,1364,12.0,0.0087976539589442,22.0,0.0,0.0,0.88
26017,"Bay County, MI",MI,9,5,0,4,1.89,55.6,44.4,0.0,1,1061,17.0,0.0160226201696512,84.8,7e-06,27.0,1.6
26021,"Berrien County, MI",MI,19,3,0,16,0.63,15.8,84.2,0.0,2,1720,15.0,0.0087209302325581,110.5,3e-05,8.9,0.87
26025,"Calhoun County, MI",MI,22,2,0,20,0.59,9.1,90.9,0.0,2,1660,12.0,0.0072289156626506,132.5,0.0,13.6,0.72
26045,"Eaton County, MI",MI,1,0,0,1,0.0,0.0,100.0,0.0,1,1139,0.0,0.0,8.8,0.0,0.0,0.0
26049,"Genesee County, MI",MI,70,12,0,58,0.53,17.1,82.9,0.0,6,4819,31.0,0.0064328698900186,145.3,0.000218,7.2,0.64
26065,"Ingham County, MI",MI,86,17,1,69,0.81,19.8,80.2,1.2,5,3414,28.0,0.0082015231400117,251.9,0.000171,15.0,0.82
26075,"Jackson County, MI",MI,14,4,1,10,1.86,28.6,71.4,7.1,3,1778,11.0,0.0061867266591676,78.7,1.8e-05,32.1,0.62
26077,"Kalamazoo County, MI",MI,54,4,1,50,0.52,7.4,92.6,1.9,6,3163,51.0,0.0161239329750237,170.7,0.0,7.8,1.61
26081,"Kent County, MI",MI,224,35,1,189,0.51,15.6,84.4,0.4,7,8811,60.0,0.006809669731018,254.2,9e-06,7.7,0.68
26093,"Livingston County, MI",MI,22,3,1,19,0.82,13.6,86.4,4.5,4,1783,26.0,0.0145821648906337,123.4,4e-06,14.0,1.46
26099,"Macomb County, MI",MI,134,38,0,96,0.84,28.4,71.6,0.0,4,9416,161.0,0.0170985556499575,142.3,7e-05,14.6,1.71
26115,"Monroe County, MI",MI,9,4,1,5,4.78,44.4,55.6,11.1,2,1526,11.0,0.0072083879423328,59.0,3.7e-05,80.8,0.72
26121,"Muskegon County, MI",MI,34,5,1,29,1.12,14.7,85.3,2.9,4,2127,38.0,0.0178655383168782,159.8,2.5e-05,18.1,1.79
26125,"Oakland County, MI",MI,458,85,2,373,0.65,18.6,81.4,0.4,8,13665,188.0,0.0137577753384559,335.2,0.000119,11.1,1.38
26139,"Ottawa County, MI",MI,33,2,0,31,0.09,6.1,93.9,0.0,2,3441,25.0,0.007265329845975,95.9,4e-06,1.2,0.73
26145,"Saginaw County, MI",MI,61,15,2,46,1.23,24.6,75.4,3.3,6,2190,30.0,0.0136986301369863,278.5,2e-05,21.8,1.37
26147,"St. Clair County, MI",MI,15,5,0,10,0.6,33.3,66.7,0.0,2,1589,16.0,0.0100692259282567,94.4,4e-06,8.1,1.01
26161,"Washtenaw County, MI",MI,249,31,2,218,0.66,12.4,87.6,0.8,7,3692,72.0,0.0195016251354279,674.4,6e-06,10.7,1.95
26163,"Wayne County, MI",MI,399,54,4,345,0.51,13.5,86.5,1.0,8,23149,273.0,0.0117931660114907,172.4,5.2e-05,7.6,1.18
27003,"Anoka County, MN",MN,44,2,1,42,0.57,4.5,95.5,2.3,4,4223,36.0,0.0085247454416291,104.2,0.0,13.0,0.85
27037,"Dakota County, MN",MN,50,2,0,48,0.06,4.0,96.0,0.0,4,5291,86.0,0.0162540162540162,94.5,0.0,1.0,1.63
27053,"Hennepin County, MN",MN,412,24,0,388,0.2,5.8,94.2,0.0,7,16495,239.0,0.0144892391633828,249.8,0.0,3.2,1.45
27109,"Olmsted County, MN",MN,155,30,1,125,0.63,19.4,80.6,0.6,7,2122,30.0,0.0141376060320452,730.4,2e-06,11.8,1.41
27123,"Ramsey County, MN",MN,101,1,0,100,0.07,1.0,99.0,0.0,5,7731,141.0,0.0182382615444315,130.6,0.0,0.8,1.82
27137,"St. Louis County, MN",MN,40,5,0,35,0.57,12.5,87.5,0.0,3,1976,61.0,0.0308704453441295,202.4,0.0,9.7,3.09
27139,"Scott County, MN",MN,16,5,0,11,1.19,31.2,68.8,0.0,2,1893,21.0,0.011093502377179,84.5,0.0,17.8,1.11
27145,"Stearns County, MN",MN,28,2,0,26,0.54,7.1,92.9,0.0,2,2038,27.0,0.0132482826300294,137.4,0.0,10.9,1.32
27163,"Washington County, MN",MN,41,5,0,36,0.46,12.2,87.8,0.0,4,2898,53.0,0.0182884748102139,141.5,0.0,6.7,1.83
27171,"Wright County, MN",MN,10,0,0,10,0.0,0.0,100.0,0.0,1,1787,23.0,0.012870733072188,56.0,0.0,0.0,1.29
28033,"DeSoto County, MS",MS,20,8,0,12,1.05,40.0,60.0,0.0,2,2191,16.0,0.0073026015518028,91.3,5e-06,18.0,0.73
28047,"Harrison County, MS",MS,28,10,1,18,1.68,35.7,64.3,3.6,2,2790,31.0,0.0111111111111111,100.4,0.000142,24.3,1.11
28049,"Hinds County, MS",MS,86,25,3,61,1.69,29.1,70.9,3.5,6,3123,20.0,0.0064040986231187,275.4,2.4e-05,28.2,0.64
28059,"Jackson County, MS",MS,18,9,0,9,2.33,50.0,50.0,0.0,4,1651,16.0,0.0096910963052695,109.0,1.2e-05,39.1,0.97
28121,"Rankin County, MS",MS,53,20,2,33,1.28,37.7,62.3,3.8,6,1802,0.0,0.0,294.1,0.000156,30.4,0.0
29019,"Boone County, MO",MO,63,10,2,53,1.27,15.9,84.1,3.2,6,2093,33.0,0.0157668418537983,301.0,5.8e-05,22.0,1.58
29047,"Clay County, MO",MO,44,7,0,37,0.61,15.9,84.1,0.0,4,2962,60.0,0.0202565833896016,148.6,0.0,8.0,2.03
29071,"Franklin County, MO",MO,13,6,0,7,1.62,46.2,53.8,0.0,2,1248,15.0,0.0120192307692307,104.2,1.1e-05,21.6,1.2
29077,"Greene County, MO",MO,66,24,2,42,2.24,36.4,63.6,3.0,5,3579,38.0,0.0106174909192511,184.4,0.000122,41.9,1.06
29095,"Jackson County, MO",MO,141,31,1,110,0.71,22.0,78.0,0.7,7,9408,136.0,0.0144557823129251,149.9,1e-06,12.1,1.45
29097,"Jasper County, MO",MO,26,11,2,15,4.04,42.3,57.7,7.7,4,1669,22.0,0.0131815458358298,155.8,0.000487,72.3,1.32
29099,"Jefferson County, MO",MO,7,1,0,6,0.14,14.3,85.7,0.0,1,2633,43.0,0.0163311811621724,26.6,0.0,2.0,1.63
29183,"St. Charles County, MO",MO,48,9,0,39,0.56,18.8,81.2,0.0,2,4487,78.0,0.0173835524849565,107.0,1.6e-05,8.4,1.74
29189,"St. Louis County, MO",MO,367,91,2,276,0.85,24.8,75.2,0.5,7,11692,166.0,0.0141977420458433,313.9,2.2e-05,13.2,1.42
29510,"St. Louis city, MO",MO,170,22,7,148,1.62,12.9,87.1,4.1,7,4317,39.0,0.0090340514246004,393.8,1.5e-05,28.6,0.9
30063,"Missoula County, MT",MT,23,5,0,18,0.35,21.7,78.3,0.0,3,1187,15.0,0.012636899747262,193.8,0.0,4.3,1.26
30111,"Yellowstone County, MT",MT,35,5,0,30,0.51,14.3,85.7,0.0,5,1935,32.0,0.0165374677002583,180.9,0.0,7.3,1.65
31055,"Douglas County, NE",NE,164,25,2,139,0.89,15.2,84.8,1.2,8,8832,160.0,0.0181159420289855,185.7,0.0,13.7,1.81
31109,"Lancaster County, NE",NE,48,13,1,35,1.44,27.1,72.9,2.1,4,4019,100.0,0.0248818113958696,119.4,0.0,23.4,2.49
31153,"Sarpy County, NE",NE,27,2,0,25,0.07,7.4,92.6,0.0,3,2464,49.0,0.0198863636363636,109.6,0.0,1.0,1.99
32003,"Clark County, NV",NV,325,35,1,290,0.57,10.8,89.2,0.3,8,27388,225.0,0.008215276763546,118.7,0.0,12.3,0.82
32031,"Washoe County, NV",NV,86,9,0,77,0.35,10.5,89.5,0.0,7,5387,64.0,0.0118804529422684,159.6,0.0,5.2,1.19
33011,"Hillsborough County, NH",NH,100,39,0,61,1.1,39.0,61.0,0.0,5,4240,74.0,0.0174528301886792,235.8,0.0,15.3,1.75
33013,"Merrimack County, NH",NH,31,7,1,24,0.87,22.6,77.4,3.2,1,1284,0.0,0.0,241.4,0.000171,12.8,0.0
33015,"Rockingham County, NH",NH,40,18,2,22,2.9,45.0,55.0,5.0,3,2654,45.0,0.0169555388093443,150.7,2e-06,46.4,1.7
33017,"Strafford County, NH",NH,24,15,1,9,2.88,62.5,37.5,4.2,2,1211,15.0,0.0123864574731626,198.2,0.0,41.7,1.24
34001,"Atlantic County, NJ",NJ,39,11,1,28,3.08,28.2,71.8,2.6,3,2836,34.0,0.0119887165021156,137.5,0.000482,53.8,1.2
34003,"Bergen County, NJ",NJ,225,49,5,176,1.2,21.8,78.2,2.2,8,9464,97.0,0.0102493660185967,237.7,0.000185,24.0,1.02
34005,"Burlington County, NJ",NJ,97,20,2,77,1.14,20.6,79.4,2.1,4,4419,52.0,0.0117673681828467,219.5,1.8e-05,16.6,1.18
34007,"Camden County, NJ",NJ,195,28,3,167,0.89,14.4,85.6,1.5,8,6226,100.0,0.0160616768390619,313.2,2.5e-05,13.2,1.61
34011,"Cumberland County, NJ",NJ,13,3,0,10,0.46,23.1,76.9,0.0,3,1876,59.0,0.0314498933901919,69.3,1e-06,8.5,3.14
34013,"Essex County, NJ",NJ,205,46,3,159,0.84,22.4,77.6,1.5,8,10442,85.0,0.0081402030262401,196.3,5.4e-05,15.8,0.81
34015,"Gloucester County, NJ",NJ,43,8,2,35,1.44,18.6,81.4,4.7,4,2837,48.0,0.0169192809305604,151.6,4.9e-05,20.4,1.69
34017,"Hudson County, NJ",NJ,76,13,1,63,0.67,17.1,82.9,1.3,4,10383,123.0,0.0118462872002311,73.2,8e-06,10.2,1.18
34019,"Hunterdon County, NJ",NJ,17,6,1,11,3.12,35.3,64.7,5.9,3,927,30.0,0.0323624595469255,183.4,0.0,47.5,3.24
34021,"Mercer County, NJ",NJ,110,19,1,91,0.7,17.3,82.7,0.9,7,4280,66.0,0.0154205607476635,257.0,1.3e-05,10.8,1.54
34023,"Middlesex County, NJ",NJ,175,23,2,152,0.63,13.1,86.9,1.1,8,9332,103.0,0.0110372910415773,187.5,0.0001,11.3,1.1
34025,"Monmouth County, NJ",NJ,182,48,5,134,1.64,26.4,73.6,2.7,8,5960,69.0,0.0115771812080536,305.4,0.000101,26.3,1.16
34027,"Morris County, NJ",NJ,112,34,2,78,1.47,30.4,69.6,1.8,7,4633,79.0,0.0170515864450679,241.7,6.7e-05,23.7,1.71
34029,"Ocean County, NJ",NJ,47,20,3,27,3.51,42.6,57.4,6.4,5,8566,94.0,0.0109736166238617,54.9,0.000258,53.9,1.1
34031,"Passaic County, NJ",NJ,86,17,1,69,0.56,19.8,80.2,1.2,5,6842,95.0,0.0138848289973691,125.7,1e-05,9.3,1.39
34035,"Somerset County, NJ",NJ,79,13,0,66,0.72,16.5,83.5,0.0,5,3251,50.0,0.0153798831128883,243.0,0.000175,11.6,1.54
34037,"Sussex County, NJ",NJ,10,2,0,8,1.7,20.0,80.0,0.0,3,1180,15.0,0.0127118644067796,84.8,2e-06,25.1,1.27
34039,"Union County, NJ",NJ,77,18,2,59,0.92,23.4,76.6,2.6,5,6756,95.0,0.0140615748963883,114.0,0.00017,14.8,1.41
34041,"Warren County, NJ",NJ,9,3,2,6,10.0,33.3,66.7,22.2,3,958,20.0,0.0208768267223382,94.0,0.000865,184.7,2.09
35001,"Bernalillo County, NM",NM,161,19,0,142,0.31,11.8,88.2,0.0,6,7574,234.0,0.0308951676789015,212.6,0.0,5.2,3.09
35013,"Dona Ana County, NM",NM,25,9,0,16,0.8,36.0,64.0,0.0,3,2839,160.0,0.0563578724903134,88.1,0.0,12.6,5.64
35043,"Sandoval County, NM",NM,11,2,0,9,0.27,18.2,81.8,0.0,4,1464,28.0,0.0191256830601092,75.1,0.0,6.0,1.91
35045,"San Juan County, NM",NM,17,1,0,16,0.29,5.9,94.1,0.0,1,1726,15.0,0.0086906141367323,98.5,0.0,4.0,0.87
35049,"Santa Fe County, NM",NM,18,4,0,14,0.28,22.2,77.8,0.0,3,1290,18.0,0.013953488372093,139.5,0.0,3.8,1.4
36001,"Albany County, NY",NY,102,32,4,70,1.82,31.4,68.6,3.9,7,3045,82.0,0.0269293924466338,335.0,0.0,31.1,2.69
36005,"Bronx County, NY",NY,234,15,0,219,0.17,6.4,93.6,0.0,7,21161,160.0,0.0075610793440763,110.6,1e-06,3.9,0.76
36007,"Broome County, NY",NY,29,11,3,18,2.55,37.9,62.1,10.3,2,1985,31.0,0.015617128463476,146.1,1e-06,41.4,1.56
36013,"Chautauqua County, NY",NY,14,8,0,6,1.64,57.1,42.9,0.0,2,1345,52.0,0.0386617100371747,104.1,0.0,21.6,3.87
36027,"Dutchess County, NY",NY,61,20,1,41,3.87,32.8,67.2,1.6,6,2519,43.0,0.0170702659785629,242.2,1e-06,86.0,1.71
36029,"Erie County, NY",NY,205,14,0,191,0.24,6.8,93.2,0.0,7,9916,448.0,0.045179507866075,206.7,0.0,3.7,4.52
36045,"Jefferson County, NY",NY,15,2,1,13,1.6,13.3,86.7,6.7,2,1891,26.0,0.0137493389740877,79.3,0.0,23.3,1.37
36047,"Kings County, NY",NY,430,53,3,377,0.55,12.3,87.7,0.7,8,40802,405.0,0.0099259840203911,105.4,1.6e-05,11.0,0.99
36055,"Monroe County, NY",NY,204,38,4,166,1.09,18.6,81.4,2.0,6,8004,231.0,0.0288605697151424,254.9,2e-05,17.3,2.89
36059,"Nassau County, NY",NY,438,77,6,361,0.79,17.6,82.4,1.4,9,14329,290.0,0.0202386768092679,305.7,4.8e-05,13.5,2.02
36061,"New York County, NY",NY,1154,116,8,1038,0.4,10.1,89.9,0.7,9,17587,315.0,0.0179109569568431,656.2,7e-06,6.7,1.79
36063,"Niagara County, NY",NY,20,7,1,13,2.35,35.0,65.0,5.0,2,2139,86.0,0.0402057035998129,93.5,0.0,37.0,4.02
36065,"Oneida County, NY",NY,32,13,2,19,1.84,40.6,59.4,6.2,2,2497,44.0,0.0176211453744493,128.2,2e-06,30.0,1.76
36067,"Onondaga County, NY",NY,132,32,8,100,3.13,24.2,75.8,6.1,8,5242,134.0,0.0255627623044639,251.8,1e-06,57.6,2.56
36069,"Ontario County, NY",NY,14,5,0,9,1.14,35.7,64.3,0.0,2,997,28.0,0.0280842527582748,140.4,0.0,16.4,2.81
36071,"Orange County, NY",NY,74,27,1,47,2.01,36.5,63.5,1.4,3,4993,41.0,0.0082114960945323,148.2,5e-05,33.3,0.82
36075,"Oswego County, NY",NY,4,3,1,1,11.75,75.0,25.0,25.0,1,1331,31.0,0.0232907588279489,30.0,1e-06,195.8,2.33
36081,"Queens County, NY",NY,287,40,1,247,0.43,13.9,86.1,0.3,7,30377,427.0,0.0140566876255061,94.5,2.1e-05,6.7,1.41
36083,"Rensselaer County, NY",NY,16,7,0,9,1.5,43.8,56.2,0.0,2,1726,40.0,0.0231749710312862,92.7,1e-06,23.1,2.32
36085,"Richmond County, NY",NY,87,24,2,63,1.36,27.6,72.4,2.3,6,5464,37.0,0.0067715959004392,159.2,0.0,21.0,0.68
36087,"Rockland County, NY",NY,44,12,2,32,2.57,27.3,72.7,4.5,6,5440,50.0,0.0091911764705882,80.9,0.000136,46.3,0.92
36089,"St. Lawrence County, NY",NY,26,10,0,16,1.54,38.5,61.5,0.0,1,1083,20.0,0.0184672206832871,240.1,0.0,28.4,1.85
36091,"Saratoga County, NY",NY,16,5,0,11,1.06,31.2,68.8,0.0,2,2210,54.0,0.0244343891402714,72.4,1e-06,15.0,2.44
36093,"Schenectady County, NY",NY,22,9,0,13,1.32,40.9,59.1,0.0,2,1770,40.0,0.0225988700564971,124.3,0.0,25.7,2.26
36103,"Suffolk County, NY",NY,266,78,9,188,2.02,29.3,70.7,3.4,8,15559,809.0,0.0519956295391734,171.0,0.000149,33.2,5.2
36109,"Tompkins County, NY",NY,11,3,0,8,0.45,27.3,72.7,0.0,2,787,28.0,0.0355781448538754,139.8,0.0,5.4,3.56
36111,"Ulster County, NY",NY,9,5,0,4,2.56,55.6,44.4,0.0,2,1482,20.0,0.0134952766531713,60.7,0.0,36.1,1.35
36119,"Westchester County, NY",NY,285,55,1,230,0.69,19.3,80.7,0.4,7,10280,93.0,0.0090466926070038,277.2,0.000116,10.1,0.9
37001,"Alamance County, NC",NC,15,1,0,14,0.27,6.7,93.3,0.0,3,1856,17.0,0.0091594827586206,80.8,0.0,4.1,0.92
37019,"Brunswick County, NC",NC,18,4,1,14,2.0,22.2,77.8,5.6,2,978,25.0,0.025562372188139,184.0,2e-05,30.8,2.56
37021,"Buncombe County, NC",NC,89,32,5,57,2.53,36.0,64.0,5.6,5,2595,37.0,0.0142581888246628,343.0,2.9e-05,44.0,1.43
37025,"Cabarrus County, NC",NC,40,9,1,31,1.55,22.5,77.5,2.5,4,2477,19.0,0.0076705692369802,161.5,3.2e-05,22.6,0.77
37035,"Catawba County, NC",NC,30,9,0,21,0.93,30.0,70.0,0.0,2,1664,10.0,0.0060096153846153,180.3,0.0,15.2,0.6
37049,"Craven County, NC",NC,17,8,2,9,9.29,47.1,52.9,11.8,2,1438,18.0,0.0125173852573018,118.2,8.5e-05,159.3,1.25
37051,"Cumberland County, NC",NC,79,19,0,60,0.8,24.1,75.9,0.0,7,5446,33.0,0.0060594932060227,145.1,4.5e-05,11.8,0.61
37057,"Davidson County, NC",NC,13,3,0,10,0.62,23.1,76.9,0.0,1,1771,28.0,0.0158102766798418,73.4,0.0,8.6,1.58
37063,"Durham County, NC",NC,74,11,1,63,0.89,14.9,85.1,1.4,6,4346,48.0,0.0110446387482742,170.3,0.0,16.0,1.1
37067,"Forsyth County, NC",NC,90,22,1,68,0.88,24.4,75.6,1.1,7,4496,80.0,0.0177935943060498,200.2,1.7e-05,11.6,1.78
37071,"Gaston County, NC",NC,28,6,0,22,0.68,21.4,78.6,0.0,2,2524,35.0,0.0138668779714738,110.9,0.0,10.0,1.39
37081,"Guilford County, NC",NC,101,12,1,89,0.5,11.9,88.1,1.0,6,6259,202.0,0.0322735261223837,161.4,6.9e-05,8.7,3.23
37085,"Harnett County, NC",NC,3,2,0,1,1.67,66.7,33.3,0.0,1,1861,19.0,0.0102095647501343,16.1,0.0,23.3,1.02
37089,"Henderson County, NC",NC,20,9,1,11,2.25,45.0,55.0,5.0,3,1089,11.0,0.0101010101010101,183.6,1e-05,33.0,1.01
37097,"Iredell County, NC",NC,31,5,0,26,0.45,16.1,83.9,0.0,2,1923,31.0,0.016120644825793,161.2,3e-06,6.4,1.61
37101,"Johnston County, NC",NC,10,3,0,7,2.1,30.0,70.0,0.0,1,2336,21.0,0.0089897260273972,42.8,0.0,36.6,0.9
37119,"Mecklenburg County, NC",NC,373,31,4,342,0.48,8.3,91.7,1.1,7,14881,195.0,0.0131039580673341,250.7,1e-06,7.3,1.31
37129,"New Hanover County, NC",NC,65,21,4,44,2.31,32.3,67.7,6.2,6,2241,47.0,0.0209727800089245,290.0,2.4e-05,40.1,2.1
37133,"Onslow County, NC",NC,30,4,0,26,0.57,13.3,86.7,0.0,3,3960,58.0,0.0146464646464646,75.8,2e-05,8.9,1.46
37135,"Orange County, NC",NC,93,5,0,88,0.14,5.4,94.6,0.0,6,1166,20.0,0.0171526586620926,797.6,0.0,2.2,1.72
37147,"Pitt County, NC",NC,61,21,1,40,2.43,34.4,65.6,1.6,7,2023,0.0,0.0,301.5,6.4e-05,37.6,0.0
37151,"Randolph County, NC",NC,7,0,0,7,0.0,0.0,100.0,0.0,1,1600,24.0,0.015,43.8,0.0,0.0,1.5
37155,"Robeson County, NC",NC,17,10,2,7,3.76,58.8,41.2,11.8,3,1775,10.0,0.0056338028169014,95.8,3e-06,71.8,0.56
37159,"Rowan County, NC",NC,9,5,0,4,1.0,55.6,44.4,0.0,1,1651,14.0,0.0084797092671108,54.5,6.1e-05,17.6,0.85
37179,"Union County, NC",NC,18,3,0,15,0.28,16.7,83.3,0.0,1,2415,32.0,0.0132505175983436,74.5,0.0,3.2,1.33
37183,"Wake County, NC",NC,254,20,0,234,0.13,7.9,92.1,0.0,7,13018,120.0,0.0092180058380703,195.1,0.0,1.9,0.92
37191,"Wayne County, NC",NC,16,5,0,11,0.81,31.2,68.8,0.0,2,1636,0.0,0.0,97.8,1e-06,11.9,0.0
38017,"Cass County, ND",ND,38,8,0,30,0.37,21.1,78.9,0.0,4,2639,105.0,0.039787798408488,144.0,0.0,4.9,3.98
39003,"Allen County, OH",OH,17,10,1,7,2.94,58.8,41.2,5.9,2,1257,17.0,0.0135242641209228,135.2,1e-06,45.2,1.35
39007,"Ashtabula County, OH",OH,2,1,0,1,1.0,50.0,50.0,0.0,1,1075,16.0,0.0148837209302325,18.6,0.0,11.0,1.49
39017,"Butler County, OH",OH,61,15,0,46,0.44,24.6,75.4,0.0,6,4452,107.0,0.0240341419586702,137.0,0.0,7.2,2.4
39023,"Clark County, OH",OH,14,2,0,12,0.29,14.3,85.7,0.0,3,1532,15.0,0.0097911227154047,91.4,0.0,3.6,0.98
39025,"Clermont County, OH",OH,16,3,0,13,0.62,18.8,81.2,0.0,3,2293,71.0,0.0309638028783253,69.8,0.0,8.1,3.1
39029,"Columbiana County, OH",OH,7,3,0,4,1.71,42.9,57.1,0.0,2,1070,17.0,0.0158878504672897,65.4,0.0,27.4,1.59
39035,"Cuyahoga County, OH",OH,264,46,4,218,0.87,17.4,82.6,1.5,8,14758,351.0,0.0237837105298821,178.9,3e-06,13.8,2.38
39041,"Delaware County, OH",OH,20,2,0,18,0.1,10.0,90.0,0.0,3,2079,40.0,0.0192400192400192,96.2,0.0,1.2,1.92
39045,"Fairfield County, OH",OH,16,7,1,9,1.62,43.8,56.2,6.2,1,1629,35.0,0.0214855739717618,98.2,2e-06,24.6,2.15
39049,"Franklin County, OH",OH,368,35,6,333,0.63,9.5,90.5,1.6,7,19045,476.0,0.0249934365975321,193.2,0.0,10.8,2.5
39057,"Greene County, OH",OH,15,0,0,15,0.0,0.0,100.0,0.0,2,1808,25.0,0.0138274336283185,83.0,0.0,0.0,1.38
39061,"Hamilton County, OH",OH,269,33,3,236,1.1,12.3,87.7,1.1,7,10820,315.0,0.0291127541589648,248.6,3.1e-05,19.1,2.91
39085,"Lake County, OH",OH,24,12,0,12,1.04,50.0,50.0,0.0,2,2163,47.0,0.0217290799815071,111.0,1e-06,15.6,2.17
39089,"Licking County, OH",OH,14,6,0,8,1.93,42.9,57.1,0.0,4,2075,34.0,0.0163855421686747,67.5,0.0,29.9,1.64
39093,"Lorain County, OH",OH,26,6,0,20,0.62,23.1,76.9,0.0,2,3295,57.0,0.017298937784522,78.9,0.0,9.2,1.73
39095,"Lucas County, OH",OH,95,21,2,74,1.67,22.1,77.9,2.1,6,5627,92.0,0.0163497423138439,168.8,1e-06,26.9,1.63
39099,"Mahoning County, OH",OH,36,16,2,20,1.89,44.4,55.6,5.6,4,2506,27.0,0.0107741420590582,143.7,0.0,33.4,1.08
39103,"Medina County, OH",OH,15,3,0,12,0.47,20.0,80.0,0.0,2,1816,32.0,0.0176211453744493,82.6,1e-06,6.1,1.76
39109,"Miami County, OH",OH,11,4,0,7,0.55,36.4,63.6,0.0,1,1227,15.0,0.0122249388753056,89.6,0.0,6.8,1.22
39113,"Montgomery County, OH",OH,149,33,1,116,0.6,22.1,77.9,0.7,6,6631,61.0,0.0091992158045543,224.7,0.0,9.5,0.92
39133,"Portage County, OH",OH,5,1,0,4,0.4,20.0,80.0,0.0,1,1441,27.0,0.018736988202637,34.7,0.0,5.0,1.87
39139,"Richland County, OH",OH,16,7,4,9,4.81,43.8,56.2,25.0,2,1328,12.0,0.0090361445783132,120.5,0.0,94.4,0.9
39151,"Stark County, OH",OH,49,14,0,35,0.84,28.6,71.4,0.0,6,4236,43.0,0.0101510859301227,115.7,3e-06,11.6,1.02
39153,"Summit County, OH",OH,119,12,0,107,0.3,10.1,89.9,0.0,6,5996,95.0,0.0158438959306204,198.5,9e-06,4.5,1.58
39155,"Trumbull County, OH",OH,14,8,1,6,4.71,57.1,42.9,7.1,3,2101,30.0,0.014278914802475,66.6,0.0,68.1,1.43
39165,"Warren County, OH",OH,19,4,0,15,0.42,21.1,78.9,0.0,3,2400,70.0,0.0291666666666666,79.2,0.0,6.2,2.92
39169,"Wayne County, OH",OH,17,6,0,11,0.35,35.3,64.7,0.0,2,1487,17.0,0.011432414256893,114.3,0.0,6.2,1.14
39173,"Wood County, OH",OH,11,0,0,11,0.0,0.0,100.0,0.0,2,1365,34.0,0.0249084249084249,80.6,0.0,0.0,2.49
40017,"Canadian County, OK",OK,6,1,1,5,3.67,16.7,83.3,16.7,1,1781,0.0,0.0,33.7,0.0,78.0,0.0
40027,"Cleveland County, OK",OK,27,10,0,17,1.11,37.0,63.0,0.0,3,3016,27.0,0.0089522546419098,89.5,2e-06,16.6,0.9
40031,"Comanche County, OK",OK,19,6,0,13,1.0,31.6,68.4,0.0,3,1757,19.0,0.0108138873079112,108.1,0.0,16.7,1.08
40109,"Oklahoma County, OK",OK,245,37,5,208,1.23,15.1,84.9,2.0,7,12197,137.0,0.0112322702303845,200.9,0.0,31.3,1.12
40143,"Tulsa County, OK",OK,154,28,5,126,2.42,18.2,81.8,3.2,8,9639,62.0,0.0064322025106338,159.8,0.0,56.3,0.64
41005,"Clackamas County, OR",OR,63,2,0,61,0.05,3.2,96.8,0.0,5,4199,64.0,0.0152417242200523,150.0,0.0,0.6,1.52
41017,"Deschutes County, OR",OR,46,8,1,38,0.78,17.4,82.6,2.2,4,1806,16.0,0.0088593576965669,254.7,0.0,12.0,0.89
41019,"Douglas County, OR",OR,8,5,1,3,3.88,62.5,37.5,12.5,2,1087,0.0,0.0,73.6,0.0,60.6,0.0
41029,"Jackson County, OR",OR,43,11,1,32,0.95,25.6,74.4,2.3,4,2294,25.0,0.0108979947689625,187.4,0.0,14.6,1.09
41039,"Lane County, OR",OR,66,5,0,61,0.59,7.6,92.4,0.0,6,3554,38.0,0.0106921778277996,185.7,0.0,9.4,1.07
41043,"Linn County, OR",OR,18,2,0,16,0.11,11.1,88.9,0.0,2,1521,22.0,0.0144641683103221,118.3,0.0,1.6,1.45
41047,"Marion County, OR",OR,50,4,0,46,0.24,8.0,92.0,0.0,3,4539,70.0,0.0154218990967173,110.2,0.0,3.2,1.54
41051,"Multnomah County, OR",OR,278,16,1,262,0.23,5.8,94.2,0.4,7,9081,175.0,0.0192710053958815,306.1,0.0,3.2,1.93
41067,"Washington County, OR",OR,160,11,0,149,0.22,6.9,93.1,0.0,8,6983,126.0,0.0180438207074323,229.1,0.0,3.6,1.8
42001,"Adams County, PA",PA,7,3,0,4,2.29,42.9,57.1,0.0,2,922,20.0,0.0216919739696312,75.9,0.0,35.4,2.17
42003,"Allegheny County, PA",PA,349,36,5,313,0.58,10.3,89.7,1.4,9,13164,334.0,0.025372227286539,265.1,5e-06,8.9,2.54
42007,"Beaver County, PA",PA,15,5,0,10,0.33,33.3,66.7,0.0,2,1676,67.0,0.0399761336515513,89.5,0.0,4.0,4.0
42011,"Berks County, PA",PA,75,28,4,47,2.15,37.3,62.7,5.3,6,4786,130.0,0.0271625574592561,156.7,0.0,35.8,2.72
42013,"Blair County, PA",PA,19,7,0,12,1.89,36.8,63.2,0.0,1,1270,10.0,0.0078740157480314,149.6,0.0,30.1,0.79
42017,"Bucks County, PA",PA,68,29,2,39,2.46,42.6,57.4,2.9,5,5958,36.0,0.0060422960725075,114.1,1e-06,40.8,0.6
42019,"Butler County, PA",PA,14,5,0,9,1.29,35.7,64.3,0.0,3,1833,36.0,0.0196399345335515,76.4,0.0,19.9,1.96
42021,"Cambria County, PA",PA,11,3,0,8,1.27,27.3,72.7,0.0,2,1357,13.0,0.0095799557848194,81.1,4e-06,20.6,0.96
42027,"Centre County, PA",PA,25,12,2,13,2.88,48.0,52.0,8.0,4,1208,28.0,0.0231788079470198,207.0,0.0,47.3,2.32
42029,"Chester County, PA",PA,83,35,4,48,2.43,42.2,57.8,4.8,6,5325,78.0,0.0146478873239436,155.9,4.4e-05,40.6,1.46
42041,"Cumberland County, PA",PA,49,10,1,39,1.18,20.4,79.6,2.0,7,2683,33.0,0.012299664554603,182.6,0.0,16.9,1.23
42043,"Dauphin County, PA",PA,105,11,2,94,0.59,10.5,89.5,1.9,6,3437,17.0,0.0049461739889438,305.5,1e-06,9.4,0.49
42045,"Delaware County, PA",PA,120,31,4,89,2.52,25.8,74.2,3.3,7,6575,133.0,0.0202281368821292,182.5,0.000106,44.3,2.02
42049,"Erie County, PA",PA,45,15,2,30,2.58,33.3,66.7,4.4,4,3064,36.0,0.0117493472584856,146.9,0.0,40.3,1.17
42051,"Fayette County, PA",PA,13,7,0,6,2.54,53.8,46.2,0.0,2,1351,32.0,0.0236861584011843,96.2,0.000777,34.5,2.37
42055,"Franklin County, PA",PA,18,7,0,11,1.78,38.9,61.1,0.0,2,1875,40.0,0.0213333333333333,96.0,0.0,27.3,2.13
42069,"Lackawanna County, PA",PA,32,12,2,20,2.94,37.5,62.5,6.2,4,2246,11.0,0.0048975957257346,142.5,5.4e-05,45.3,0.49
42071,"Lancaster County, PA",PA,84,18,0,66,0.55,21.4,78.6,0.0,6,7000,245.0,0.035,120.0,0.0,6.9,3.5
42075,"Lebanon County, PA",PA,27,10,3,17,4.0,37.0,63.0,11.1,3,1592,28.0,0.0175879396984924,169.6,0.0,72.9,1.76
42077,"Lehigh County, PA",PA,148,25,1,123,0.74,16.9,83.1,0.7,7,4253,24.0,0.0056430754761344,348.0,5.7e-05,12.8,0.56
42079,"Luzerne County, PA",PA,54,22,4,32,3.11,40.7,59.3,7.4,3,3193,32.0,0.0100219229564672,169.1,0.000209,51.7,1.0
42081,"Lycoming County, PA",PA,15,9,3,6,6.27,60.0,40.0,20.0,3,1222,16.0,0.0130932896890343,122.8,0.000405,108.3,1.31
42085,"Mercer County, PA",PA,22,7,1,15,2.32,31.8,68.2,4.5,2,1165,32.0,0.0274678111587982,188.8,0.0,37.3,2.75
42089,"Monroe County, PA",PA,15,9,4,6,11.47,60.0,40.0,26.7,3,1477,37.0,0.0250507786052809,101.6,0.000113,191.7,2.51
42091,"Montgomery County, PA",PA,240,55,6,185,1.33,22.9,77.1,2.5,7,8695,316.0,0.0363427257044278,276.0,0.000176,20.5,3.63
42095,"Northampton County, PA",PA,102,21,4,81,1.66,20.6,79.4,3.9,5,2831,20.0,0.0070646414694454,360.3,0.000105,25.4,0.71
42101,"Philadelphia County, PA",PA,527,79,7,448,0.83,15.0,85.0,1.3,9,21506,328.0,0.0152515577048265,245.0,3.7e-05,12.4,1.53
42107,"Schuylkill County, PA",PA,9,6,2,3,7.22,66.7,33.3,22.2,2,1367,105.0,0.0768105340160936,65.8,0.0,119.6,7.68
42125,"Washington County, PA",PA,22,7,0,15,1.73,31.8,68.2,0.0,2,2044,28.0,0.0136986301369863,107.6,0.0,25.5,1.37
42129,"Westmoreland County, PA",PA,31,6,0,25,0.52,19.4,80.6,0.0,4,2939,67.0,0.0227968696835658,105.5,0.0,7.1,2.28
42133,"York County, PA",PA,111,27,5,84,2.14,24.3,75.7,4.5,6,4974,54.0,0.0108564535585042,223.2,3e-06,34.8,1.09
44003,"Kent County, RI",RI,23,3,1,20,1.0,13.0,87.0,4.3,2,1565,20.0,0.0127795527156549,147.0,0.0,15.8,1.28
44007,"Providence County, RI",RI,219,42,5,177,0.94,19.2,80.8,2.3,7,7275,139.0,0.0191065292096219,301.0,0.0,13.5,1.91
44009,"Washington County, RI",RI,15,11,2,4,5.87,73.3,26.7,13.3,2,929,13.0,0.0139935414424111,161.5,1e-06,96.3,1.4
45003,"Aiken County, SC",SC,10,6,2,4,10.6,60.0,40.0,20.0,2,1965,22.0,0.0111959287531806,50.9,1e-06,227.9,1.12
45007,"Anderson County, SC",SC,19,7,1,12,2.16,36.8,63.2,5.3,3,2318,64.0,0.0276100086281276,82.0,0.0,36.9,2.76
45013,"Beaufort County, SC",SC,34,14,5,20,5.91,41.2,58.8,14.7,3,1958,0.0,0.0,173.6,0.000334,105.6,0.0
45015,"Berkeley County, SC",SC,2,0,0,2,0.0,0.0,100.0,0.0,1,2754,47.0,0.0170660856935366,7.3,0.0,0.0,1.71
45019,"Charleston County, SC",SC,102,34,3,68,1.7,33.3,66.7,2.9,7,5015,85.0,0.0169491525423728,203.4,8.3e-05,30.8,1.69
45035,"Dorchester County, SC",SC,15,5,0,10,0.47,33.3,66.7,0.0,2,1800,27.0,0.015,83.3,1e-06,7.0,1.5
45041,"Florence County, SC",SC,36,14,1,22,2.44,38.9,61.1,2.8,3,1657,0.0,0.0,217.3,2.9e-05,41.6,0.0
45045,"Greenville County, SC",SC,212,27,2,185,0.59,12.7,87.3,0.9,9,6298,89.0,0.0141314703080342,336.6,1e-06,10.6,1.41
45051,"Horry County, SC",SC,44,22,4,22,3.66,50.0,50.0,9.1,4,3118,45.0,0.014432328415651,141.1,0.000211,61.2,1.44
45063,"Lexington County, SC",SC,67,21,2,46,2.0,31.3,68.7,3.0,3,3264,47.0,0.0143995098039215,205.3,3e-06,34.5,1.44
45077,"Pickens County, SC",SC,8,3,0,5,1.38,37.5,62.5,0.0,3,1225,19.0,0.0155102040816326,65.3,0.0,22.1,1.55
45079,"Richland County, SC",SC,110,19,2,91,1.06,17.3,82.7,1.8,5,4810,55.0,0.0114345114345114,228.7,0.0,18.3,1.14
45083,"Spartanburg County, SC",SC,41,24,3,17,3.44,58.5,41.5,7.3,5,3690,14.0,0.0037940379403794,111.1,2e-06,61.6,0.38
45085,"Sumter County, SC",SC,13,8,0,5,2.23,61.5,38.5,0.0,2,1375,0.0,0.0,94.6,0.0,30.2,0.0
45091,"York County, SC",SC,23,6,1,17,1.7,26.1,73.9,4.3,2,3011,36.0,0.0119561607439388,76.4,0.0,24.5,1.2
46099,"Minnehaha County, SD",SD,53,10,4,43,2.19,18.9,81.1,7.5,7,2937,32.0,0.0108954715696288,180.5,0.0,38.0,1.09
46103,"Pennington County, SD",SD,18,4,1,14,1.22,22.2,77.8,5.6,1,1471,10.0,0.0067980965329707,122.4,0.0,16.9,0.68
47009,"Blount County, TN",TN,20,9,0,11,1.15,45.0,55.0,0.0,3,1229,12.0,0.0097640358014646,162.7,0.000347,16.7,0.98
47037,"Davidson County, TN",TN,164,34,1,130,0.62,20.7,79.3,0.6,6,10023,89.0,0.0088795769729621,163.6,6e-06,11.7,0.89
47065,"Hamilton County, TN",TN,99,45,3,54,2.35,45.5,54.5,3.0,6,4293,76.0,0.0177032378290239,230.6,2.4e-05,42.1,1.77
47093,"Knox County, TN",TN,121,28,0,93,0.64,23.1,76.9,0.0,7,5272,48.0,0.0091047040971168,229.5,4.6e-05,9.8,0.91
47125,"Montgomery County, TN",TN,20,8,0,12,0.55,40.0,60.0,0.0,3,3443,21.0,0.0060993319779262,58.1,0.0,7.9,0.61
47149,"Rutherford County, TN",TN,42,2,0,40,0.05,4.8,95.2,0.0,3,4130,43.0,0.010411622276029,101.7,0.0,0.7,1.04
47157,"Shelby County, TN",TN,176,51,13,125,3.69,29.0,71.0,7.4,7,13234,93.0,0.0070273537857034,133.0,6.4e-05,66.7,0.7
47163,"Sullivan County, TN",TN,50,23,1,27,1.36,46.0,54.0,2.0,3,1492,13.0,0.0087131367292225,335.1,1.9e-05,24.9,0.87
47165,"Sumner County, TN",TN,19,3,0,16,0.63,15.8,84.2,0.0,1,2053,36.0,0.0175353141743789,92.6,5.4e-05,10.2,1.75
47179,"Washington County, TN",TN,43,13,0,30,0.81,30.2,69.8,0.0,7,1292,0.0,0.0,332.8,2e-05,16.5,0.0
47187,"Williamson County, TN",TN,35,8,1,27,2.86,22.9,77.1,2.9,5,2270,0.0,0.0,154.2,3.7e-05,61.4,0.0
47189,"Wilson County, TN",TN,4,2,0,2,0.75,50.0,50.0,0.0,2,1527,16.0,0.0104780615586116,26.2,3e-06,14.5,1.05
48027,"Bell County, TX",TX,81,18,5,63,2.27,22.2,77.8,6.2,8,6140,34.0,0.0055374592833876,131.9,2.5e-05,38.9,0.55
48029,"Bexar County, TX",TX,415,34,3,381,0.39,8.2,91.8,0.7,8,27968,186.0,0.0066504576659038,148.4,3e-06,6.4,0.67
48039,"Brazoria County, TX",TX,17,1,1,16,1.0,5.9,94.1,5.9,2,4800,21.0,0.004375,35.4,0.0,20.2,0.44
48041,"Brazos County, TX",TX,39,11,0,28,1.03,28.2,71.8,0.0,2,2771,31.0,0.0111872970046914,140.7,0.0,14.4,1.12
48061,"Cameron County, TX",TX,32,14,1,18,2.19,43.8,56.2,3.1,3,6893,33.0,0.0047874655447555,46.4,2.8e-05,29.8,0.48
48085,"Collin County, TX",TX,180,36,1,144,0.45,20.0,80.0,0.6,9,11086,74.0,0.0066750856936676,162.4,4e-06,9.6,0.67
48091,"Comal County, TX",TX,16,2,0,14,0.5,12.5,87.5,0.0,2,1448,21.0,0.0145027624309392,110.5,2e-06,8.4,1.45
48113,"Dallas County, TX",TX,544,87,7,457,0.6,16.0,84.0,1.3,7,40379,740.0,0.0183263577602218,134.7,1.7e-05,11.9,1.83
48121,"Denton County, TX",TX,113,19,0,94,0.3,16.8,83.2,0.0,7,10195,61.0,0.0059833251593918,110.8,1.2e-05,5.2,0.6
48135,"Ector County, TX",TX,43,9,0,34,0.81,20.9,79.1,0.0,3,2814,0.0,0.0,152.8,0.000287,11.5,0.0
48139,"Ellis County, TX",TX,14,1,0,13,0.07,7.1,92.9,0.0,2,2244,26.0,0.0115864527629233,62.4,0.0,0.8,1.16
48141,"El Paso County, TX",TX,144,14,1,130,0.49,9.7,90.3,0.7,7,13073,126.0,0.009638185573319,110.2,0.0,7.2,0.96
48157,"Fort Bend County, TX",TX,97,9,0,88,0.38,9.3,90.7,0.0,6,9976,37.0,0.0037089013632718,97.2,1e-06,7.0,0.37
48167,"Galveston County, TX",TX,16,2,0,14,0.19,12.5,87.5,0.0,2,4167,31.0,0.0074394048476121,38.4,0.0,3.6,0.74
48181,"Grayson County, TX",TX,11,7,1,4,3.64,63.6,36.4,9.1,2,1543,0.0,0.0,71.3,3.4e-05,54.4,0.0
48183,"Gregg County, TX",TX,31,17,0,14,1.84,54.8,45.2,0.0,2,1743,0.0,0.0,177.8,3.6e-05,29.3,0.0
48187,"Guadalupe County, TX",TX,13,7,0,6,2.85,53.8,46.2,0.0,3,1847,13.0,0.0070384407146724,70.4,6.2e-05,39.5,0.7
48201,"Harris County, TX",TX,1086,120,3,966,0.39,11.0,89.0,0.3,9,72420,291.0,0.0040182270091135,150.0,2.9e-05,6.2,0.4
48209,"Hays County, TX",TX,26,1,0,25,0.04,3.8,96.2,0.0,1,2502,24.0,0.0095923261390887,103.9,0.0,0.5,0.96
48215,"Hidalgo County, TX",TX,87,27,4,60,1.92,31.0,69.0,4.6,5,14982,216.0,0.014417300760913,58.1,5.3e-05,31.7,1.44
48245,"Jefferson County, TX",TX,29,6,0,23,0.72,20.7,79.3,0.0,3,3578,23.0,0.0064281721632196,81.0,0.0,9.6,0.64
48251,"Johnson County, TX",TX,16,3,0,13,0.5,18.8,81.2,0.0,3,2100,16.0,0.0076190476190476,76.2,0.0,6.3,0.76
48257,"Kaufman County, TX",TX,3,0,0,3,0.0,0.0,100.0,0.0,2,1663,19.0,0.0114251352976548,18.0,0.0,0.0,1.14
48303,"Lubbock County, TX",TX,36,8,2,28,2.81,22.2,77.8,5.6,5,4273,116.0,0.0271472033699976,84.2,3.4e-05,51.2,2.71
48309,"McLennan County, TX",TX,45,14,0,31,0.67,31.1,68.9,0.0,3,3376,47.0,0.0139218009478672,133.3,0.0,11.4,1.39
48329,"Midland County, TX",TX,18,9,1,9,2.17,50.0,50.0,5.6,3,2904,19.0,0.0065426997245179,62.0,2.3e-05,32.1,0.65
48339,"Montgomery County, TX",TX,85,16,2,69,0.98,18.8,81.2,2.4,7,7347,33.0,0.004491629236423,115.7,4e-06,15.5,0.45
48355,"Nueces County, TX",TX,48,16,2,32,3.62,33.3,66.7,4.2,5,4738,15.0,0.0031658927817644,101.3,0.0,80.5,0.32
48367,"Parker County, TX",TX,8,2,0,6,0.25,25.0,75.0,0.0,1,1538,0.0,0.0,52.0,0.0,3.2,0.0
48375,"Potter County, TX",TX,38,13,1,25,1.37,34.2,65.8,2.6,5,1886,24.0,0.0127253446447507,201.5,1e-05,19.8,1.27
48381,"Randall County, TX",TX,4,2,0,2,0.75,50.0,50.0,0.0,2,1640,21.0,0.0128048780487804,24.4,0.0,10.2,1.28
48423,"Smith County, TX",TX,54,16,3,38,2.13,29.6,70.4,5.6,4,3160,22.0,0.0069620253164556,170.9,5e-06,35.5,0.7
48439,"Tarrant County, TX",TX,349,56,3,293,0.97,16.0,84.0,0.9,7,28745,245.0,0.0085232214298138,121.4,7e-05,17.9,0.85
48441,"Taylor County, TX",TX,20,10,0,10,1.55,50.0,50.0,0.0,3,2037,22.0,0.0108001963672066,98.2,0.0,29.5,1.08
48451,"Tom Green County, TX",TX,17,12,3,5,6.82,70.6,29.4,17.6,2,1556,17.0,0.0109254498714652,109.2,0.0,119.1,1.09
48453,"Travis County, TX",TX,315,33,2,282,0.4,10.5,89.5,0.6,8,15992,114.0,0.007128564282141,197.0,0.0,7.0,0.71
48479,"Webb County, TX",TX,19,6,0,13,1.16,31.6,68.4,0.0,2,5189,0.0,0.0,36.6,0.000884,18.2,0.0
48485,"Wichita County, TX",TX,20,10,0,10,1.3,50.0,50.0,0.0,3,1631,0.0,0.0,122.6,3e-06,27.3,0.0
48491,"Williamson County, TX",TX,88,10,0,78,0.35,11.4,88.6,0.0,6,6535,47.0,0.0071920428462127,134.7,0.0,5.1,0.72
49005,"Cache County, UT",UT,17,2,0,15,0.12,11.8,88.2,0.0,1,2286,34.0,0.0148731408573928,74.4,0.0,2.2,1.49
49011,"Davis County, UT",UT,36,5,0,31,0.14,13.9,86.1,0.0,3,5698,115.0,0.0201825201825201,63.2,0.0,1.7,2.02
49035,"Salt Lake County, UT",UT,198,6,1,192,0.53,3.0,97.0,0.5,6,17612,339.0,0.0192482398364751,112.4,0.0,11.1,1.92
49049,"Utah County, UT",UT,73,9,1,64,0.56,12.3,87.7,1.4,6,11971,184.0,0.0153704786567538,61.0,0.0,8.7,1.54
49053,"Washington County, UT",UT,26,8,1,18,1.38,30.8,69.2,3.8,4,2210,13.0,0.0058823529411764,117.6,0.0,20.8,0.59
49057,"Weber County, UT",UT,33,3,0,30,0.15,9.1,90.9,0.0,2,3876,54.0,0.0139318885448916,85.1,0.0,2.4,1.39
50007,"Chittenden County, VT",VT,78,10,2,68,1.49,12.8,87.2,2.6,7,1552,52.0,0.0335051546391752,502.6,1.2e-05,22.1,3.35
51013,"Arlington County, VA",VA,61,7,0,54,0.21,11.5,88.5,0.0,8,3225,0.0,0.0,189.2,0.0,2.9,0.0
51041,"Chesterfield County, VA",VA,88,22,4,66,2.39,25.0,75.0,4.5,6,3885,17.0,0.0043758043758043,226.5,0.000798,42.2,0.44
51059,"Fairfax County, VA",VA,318,25,2,293,0.42,7.9,92.1,0.6,8,14525,32.0,0.0022030981067125,218.9,2e-06,7.9,0.22
51087,"Henrico County, VA",VA,61,14,2,47,1.07,23.0,77.0,3.3,7,3903,37.0,0.0094798872662054,156.3,2.3e-05,17.2,0.95
51107,"Loudoun County, VA",VA,58,2,0,56,0.05,3.4,96.6,0.0,4,5335,24.0,0.0044985941893158,108.7,0.0,0.6,0.45
51153,"Prince William County, VA",VA,40,3,0,37,0.12,7.5,92.5,0.0,4,6845,49.0,0.0071585098612125,58.4,0.0,1.8,0.72
51177,"Spotsylvania County, VA",VA,2,0,0,2,0.0,0.0,100.0,0.0,1,1542,11.0,0.0071335927367055,13.0,0.0,0.0,0.71
51179,"Stafford County, VA",VA,12,0,0,12,0.0,0.0,100.0,0.0,3,1711,0.0,0.0,70.1,0.0,0.0,0.0
51510,"Alexandria city, VA",VA,49,6,0,43,0.31,12.2,87.8,0.0,5,2823,0.0,0.0,173.6,1.5e-05,5.4,0.0
51550,"Chesapeake city, VA",VA,34,9,2,25,1.47,26.5,73.5,5.9,5,2877,23.0,0.0079944386513729,118.2,0.000887,23.6,0.8
51650,"Hampton city, VA",VA,8,2,0,6,0.38,25.0,75.0,0.0,1,1727,0.0,0.0,46.3,4e-06,6.1,0.0
51700,"Newport News city, VA",VA,50,12,1,38,1.0,24.0,76.0,2.0,4,2814,13.0,0.0046197583511016,177.7,8e-06,19.4,0.46
51710,"Norfolk city, VA",VA,85,20,2,65,2.54,23.5,76.5,2.4,7,3547,40.0,0.0112771356075556,239.6,9.5e-05,49.2,1.13
51760,"Richmond city, VA",VA,40,9,1,31,0.75,22.5,77.5,2.5,4,3028,30.0,0.0099075297225891,132.1,3e-06,13.3,0.99
51810,"Virginia Beach city, VA",VA,50,8,0,42,0.46,16.0,84.0,0.0,3,5925,39.0,0.0065822784810126,84.4,3e-06,6.5,0.66
53005,"Benton County, WA",WA,34,8,0,26,0.62,23.5,76.5,0.0,3,2759,145.0,0.0525552736498731,123.2,0.0,8.1,5.26
53011,"Clark County, WA",WA,104,6,0,98,0.36,5.8,94.2,0.0,6,5665,92.0,0.0162400706090026,183.6,1e-06,5.0,1.62
53015,"Cowlitz County, WA",WA,13,2,0,11,0.23,15.4,84.6,0.0,1,1285,16.0,0.0124513618677042,101.2,0.0,2.8,1.25
53033,"King County, WA",WA,598,41,3,557,0.32,6.9,93.1,0.5,7,26022,561.0,0.0215586811159787,229.8,0.0,4.8,2.16
53035,"Kitsap County, WA",WA,25,7,1,18,1.68,28.0,72.0,4.0,3,3147,37.0,0.0117572291070861,79.4,0.0,32.5,1.18
53053,"Pierce County, WA",WA,121,15,2,106,0.87,12.4,87.6,1.7,7,11756,134.0,0.0113984348417829,102.9,5e-06,14.4,1.14
53057,"Skagit County, WA",WA,23,4,0,19,0.39,17.4,82.6,0.0,1,1515,15.0,0.0099009900990099,151.8,0.0,6.7,0.99
53061,"Snohomish County, WA",WA,86,3,1,83,0.23,3.5,96.5,1.2,6,10041,120.0,0.011951000896325,85.6,0.0,5.5,1.2
53063,"Spokane County, WA",WA,89,10,2,79,1.15,11.2,88.8,2.2,6,6145,119.0,0.0193653376729048,144.8,0.0,19.7,1.94
53067,"Thurston County, WA",WA,42,8,0,34,0.29,19.0,81.0,0.0,5,3205,49.0,0.0152886115444617,131.0,0.0,4.5,1.53
53073,"Whatcom County, WA",WA,35,3,0,32,0.31,8.6,91.4,0.0,4,2279,10.0,0.0043878894251864,153.6,0.0,4.9,0.44
53077,"Yakima County, WA",WA,41,8,0,33,0.54,19.5,80.5,0.0,3,3935,48.0,0.0121982210927573,104.2,0.0,7.1,1.22
54003,"Berkeley County, WV",WV,10,6,0,4,2.3,60.0,40.0,0.0,2,1393,20.0,0.0143575017946877,71.8,6e-06,33.8,1.44
54039,"Kanawha County, WV",WV,43,15,2,28,2.09,34.9,65.1,4.7,7,1968,32.0,0.016260162601626,218.5,2.2e-05,33.1,1.63
55009,"Brown County, WI",WI,59,10,3,49,1.36,16.9,83.1,5.1,7,3336,35.0,0.0104916067146282,176.9,4e-06,22.8,1.05
55025,"Dane County, WI",WI,179,17,4,162,0.82,9.5,90.5,2.2,7,6052,153.0,0.0252808988764044,295.8,6e-06,12.0,2.53
55039,"Fond du Lac County, WI",WI,12,2,0,10,0.25,16.7,83.3,0.0,2,1031,27.0,0.026188166828322,116.4,0.0,3.5,2.62
55059,"Kenosha County, WI",WI,22,2,0,20,0.18,9.1,90.9,0.0,3,1936,44.0,0.0227272727272727,113.6,0.0,2.1,2.27
55063,"La Crosse County, WI",WI,38,8,1,30,0.68,21.1,78.9,2.6,3,1188,16.0,0.0134680134680134,319.9,0.0,9.8,1.35
55073,"Marathon County, WI",WI,15,2,0,13,0.27,13.3,86.7,0.0,2,1635,10.0,0.0061162079510703,91.7,0.0,3.5,0.61
55079,"Milwaukee County, WI",WI,243,33,2,210,0.6,13.6,86.4,0.8,7,13658,225.0,0.0164738614731293,177.9,6e-06,9.8,1.65
55087,"Outagamie County, WI",WI,30,3,0,27,0.1,10.0,90.0,0.0,3,2319,36.0,0.0155239327296248,129.4,0.0,1.2,1.55
55101,"Racine County, WI",WI,20,12,1,8,1.85,60.0,40.0,5.0,3,2417,43.0,0.0177906495655771,82.8,1e-06,27.6,1.78
55105,"Rock County, WI",WI,22,9,0,13,1.95,40.9,59.1,0.0,2,2003,43.0,0.0214677983025461,109.8,0.0,28.1,2.15
55117,"Sheboygan County, WI",WI,11,3,0,8,0.64,27.3,72.7,0.0,2,1257,14.0,0.011137629276054,87.5,0.0,9.4,1.11
55127,"Walworth County, WI",WI,6,2,0,4,0.67,33.3,66.7,0.0,1,967,26.0,0.0268872802481902,62.0,0.0,11.5,2.69
55131,"Washington County, WI",WI,24,6,0,18,0.88,25.0,75.0,0.0,3,1331,23.0,0.0172802404207362,180.3,5e-06,13.1,1.73
55133,"Waukesha County, WI",WI,77,16,2,61,1.03,20.8,79.2,2.6,5,4008,51.0,0.0127245508982035,192.1,8.7e-05,18.3,1.27
55139,"Winnebago County, WI",WI,19,1,0,18,0.11,5.3,94.7,0.0,1,1905,32.0,0.0167979002624671,99.7,0.0,1.3,1.68
