Rating Period,Calendar Year,Model,County,Health Plan,Brand,Category of Aid,Lower Bound,Midpoint,Upper Bound
01/2021-12/2021,2021,SCAN,Los Angeles,SCAN Health Plan,SCAN Health Plan,Aged-Disabled,179.23,184.28,189.55
01/2021-12/2021,2021,SCAN,Riverside,SCAN Health Plan,SCAN Health Plan,Aged-Disabled,171.26,176.13,181.22
01/2021-12/2021,2021,SCAN,San Bernardino,SCAN Health Plan,SCAN Health Plan,Aged-Disabled,164.51,169.26,174.21
01/2021-12/2021,2021,SCAN,Los Angeles,SCAN Health Plan,SCAN Health Plan,LTC Certified,1380.88,1419.92,1460.66
01/2021-12/2021,2021,SCAN,Riverside,SCAN Health Plan,SCAN Health Plan,LTC Certified,1395.98,1435.51,1476.77
01/2021-12/2021,2021,SCAN,San Bernardino,SCAN Health Plan,SCAN Health Plan,LTC Certified,1283.16,1319.51,1357.44
01/2022-12/2022,2022,SCAN,Los Angeles,SCAN Health Plan,SCAN Health Plan,Aged-Disabled,182.51,187.76,193.25
01/2022-12/2022,2022,SCAN,Riverside,SCAN Health Plan,SCAN Health Plan,Aged-Disabled,178.27,183.41,188.79
01/2022-12/2022,2022,SCAN,San Bernardino,SCAN Health Plan,SCAN Health Plan,Aged-Disabled,170.62,175.62,180.85
01/2022-12/2022,2022,SCAN,Los Angeles,SCAN Health Plan,SCAN Health Plan,LTC Certified,1435.81,1476.81,1519.6
01/2022-12/2022,2022,SCAN,Riverside,SCAN Health Plan,SCAN Health Plan,LTC Certified,1423.38,1464.11,1506.61
01/2022-12/2022,2022,SCAN,San Bernardino,SCAN Health Plan,SCAN Health Plan,LTC Certified,1320.48,1358.29,1397.76
01/2023-12/2023,2023,SCAN,Los Angeles,SCAN Health Plan,SCAN Health Plan,Aged-Disabled/Full-Dual - SIS,195.72,201.27,207.08
01/2023-12/2023,2023,SCAN,Riverside,SCAN Health Plan,SCAN Health Plan,Aged-Disabled/Full-Dual - SIS,197.43,203.04,208.91
01/2023-12/2023,2023,SCAN,San Bernardino,SCAN Health Plan,SCAN Health Plan,Aged-Disabled/Full-Dual - SIS,175.67,180.79,186.13
01/2023-12/2023,2023,SCAN,San Diego,SCAN Health Plan,SCAN Health Plan,Aged-Disabled/Full-Dual - SIS,196.27,201.87,207.72
01/2023-12/2023,2023,SCAN,Los Angeles,SCAN Health Plan,SCAN Health Plan,LTC Certified/Full-Dual - SIS,1424.04,1464.11,1505.94
01/2023-12/2023,2023,SCAN,Riverside,SCAN Health Plan,SCAN Health Plan,LTC Certified/Full-Dual - SIS,1398.75,1438.05,1479.07
01/2023-12/2023,2023,SCAN,San Bernardino,SCAN Health Plan,SCAN Health Plan,LTC Certified/Full-Dual - SIS,1295.84,1332.67,1371.12
01/2023-12/2023,2023,SCAN,San Diego,SCAN Health Plan,SCAN Health Plan,LTC Certified/Full-Dual - SIS,1405.38,1444.96,1486.26
01/2023-12/2023,2023,SCAN,Los Angeles,SCAN Health Plan,SCAN Health Plan,Aged-Disabled/Full-Dual - UIS Fed,24.97,25.69,26.43
01/2023-12/2023,2023,SCAN,Riverside,SCAN Health Plan,SCAN Health Plan,Aged-Disabled/Full-Dual - UIS Fed,25.84,26.58,27.35
01/2023-12/2023,2023,SCAN,San Bernardino,SCAN Health Plan,SCAN Health Plan,Aged-Disabled/Full-Dual - UIS Fed,25.35,26.08,26.83
01/2023-12/2023,2023,SCAN,San Diego,SCAN Health Plan,SCAN Health Plan,Aged-Disabled/Full-Dual - UIS Fed,25.38,26.11,26.87
01/2023-12/2023,2023,SCAN,Los Angeles,SCAN Health Plan,SCAN Health Plan,LTC Certified/Full-Dual - UIS Fed,41.88,43.04,44.25
01/2023-12/2023,2023,SCAN,Riverside,SCAN Health Plan,SCAN Health Plan,LTC Certified/Full-Dual - UIS Fed,49.38,50.73,52.15
01/2023-12/2023,2023,SCAN,San Bernardino,SCAN Health Plan,SCAN Health Plan,LTC Certified/Full-Dual - UIS Fed,42.22,43.38,44.6
01/2023-12/2023,2023,SCAN,San Diego,SCAN Health Plan,SCAN Health Plan,LTC Certified/Full-Dual - UIS Fed,46.23,47.51,48.84
01/2023-12/2023,2023,SCAN,Los Angeles,SCAN Health Plan,SCAN Health Plan,Aged-Disabled/Full-Dual - UIS State,170.55,175.39,180.44
01/2023-12/2023,2023,SCAN,Riverside,SCAN Health Plan,SCAN Health Plan,Aged-Disabled/Full-Dual - UIS State,171.59,176.47,181.56
01/2023-12/2023,2023,SCAN,San Bernardino,SCAN Health Plan,SCAN Health Plan,Aged-Disabled/Full-Dual - UIS State,150.32,154.71,159.3
01/2023-12/2023,2023,SCAN,San Diego,SCAN Health Plan,SCAN Health Plan,Aged-Disabled/Full-Dual - UIS State,170.89,175.76,180.85
01/2023-12/2023,2023,SCAN,Los Angeles,SCAN Health Plan,SCAN Health Plan,LTC Certified/Full-Dual - UIS State,1381.69,1420.6,1461.2
01/2023-12/2023,2023,SCAN,Riverside,SCAN Health Plan,SCAN Health Plan,LTC Certified/Full-Dual - UIS State,1349.38,1387.32,1426.92
01/2023-12/2023,2023,SCAN,San Bernardino,SCAN Health Plan,SCAN Health Plan,LTC Certified/Full-Dual - UIS State,1253.62,1289.29,1326.52
01/2023-12/2023,2023,SCAN,San Diego,SCAN Health Plan,SCAN Health Plan,LTC Certified/Full-Dual - UIS State,1359.15,1397.45,1437.42
01/2024-12/2024,2024,SCAN,Los Angeles,SCAN Health Plan,SCAN Health Plan,Aged-Disabled/Full-Dual - SIS,203.43,209.42,215.68
01/2024-12/2024,2024,SCAN,Riverside,SCAN Health Plan,SCAN Health Plan,Aged-Disabled/Full-Dual - SIS,208.91,215.06,221.49
01/2024-12/2024,2024,SCAN,San Bernardino,SCAN Health Plan,SCAN Health Plan,Aged-Disabled/Full-Dual - SIS,202.31,208.27,214.49
01/2024-12/2024,2024,SCAN,San Diego,SCAN Health Plan,SCAN Health Plan,Aged-Disabled/Full-Dual - SIS,215.01,221.33,227.93
01/2024-12/2024,2024,SCAN,Los Angeles,SCAN Health Plan,SCAN Health Plan,LTC Certified/Full-Dual - SIS,1342.08,1381.15,1421.93
01/2024-12/2024,2024,SCAN,Riverside,SCAN Health Plan,SCAN Health Plan,LTC Certified/Full-Dual - SIS,1256.42,1292.82,1330.8
01/2024-12/2024,2024,SCAN,San Bernardino,SCAN Health Plan,SCAN Health Plan,LTC Certified/Full-Dual - SIS,1218.69,1254.49,1291.86
01/2024-12/2024,2024,SCAN,San Diego,SCAN Health Plan,SCAN Health Plan,LTC Certified/Full-Dual - SIS,1305.29,1343.16,1382.66
01/2024-12/2024,2024,SCAN,Los Angeles,SCAN Health Plan,SCAN Health Plan,Aged-Disabled/Full-Dual - UIS Fed,32.21,33.16,34.14
01/2024-12/2024,2024,SCAN,Riverside,SCAN Health Plan,SCAN Health Plan,Aged-Disabled/Full-Dual - UIS Fed,36.14,37.2,38.3
01/2024-12/2024,2024,SCAN,San Bernardino,SCAN Health Plan,SCAN Health Plan,Aged-Disabled/Full-Dual - UIS Fed,34.3,35.3,36.35
01/2024-12/2024,2024,SCAN,San Diego,SCAN Health Plan,SCAN Health Plan,Aged-Disabled/Full-Dual - UIS Fed,37.98,39.1,40.26
01/2024-12/2024,2024,SCAN,Los Angeles,SCAN Health Plan,SCAN Health Plan,LTC Certified/Full-Dual - UIS Fed,57.31,58.93,60.63
01/2024-12/2024,2024,SCAN,Riverside,SCAN Health Plan,SCAN Health Plan,LTC Certified/Full-Dual - UIS Fed,61.45,63.18,64.99
01/2024-12/2024,2024,SCAN,San Bernardino,SCAN Health Plan,SCAN Health Plan,LTC Certified/Full-Dual - UIS Fed,60.04,61.74,63.51
01/2024-12/2024,2024,SCAN,San Diego,SCAN Health Plan,SCAN Health Plan,LTC Certified/Full-Dual - UIS Fed,63.12,64.91,66.78
01/2024-12/2024,2024,SCAN,Los Angeles,SCAN Health Plan,SCAN Health Plan,Aged-Disabled/Full-Dual - UIS State,171.22,176.27,181.54
01/2024-12/2024,2024,SCAN,Riverside,SCAN Health Plan,SCAN Health Plan,Aged-Disabled/Full-Dual - UIS State,172.76,177.86,183.19
01/2024-12/2024,2024,SCAN,San Bernardino,SCAN Health Plan,SCAN Health Plan,Aged-Disabled/Full-Dual - UIS State,168.0,172.96,178.15
01/2024-12/2024,2024,SCAN,San Diego,SCAN Health Plan,SCAN Health Plan,Aged-Disabled/Full-Dual - UIS State,177.03,182.23,187.66
01/2024-12/2024,2024,SCAN,Los Angeles,SCAN Health Plan,SCAN Health Plan,LTC Certified/Full-Dual - UIS State,1284.77,1322.22,1361.3
01/2024-12/2024,2024,SCAN,Riverside,SCAN Health Plan,SCAN Health Plan,LTC Certified/Full-Dual - UIS State,1194.97,1229.64,1265.81
01/2024-12/2024,2024,SCAN,San Bernardino,SCAN Health Plan,SCAN Health Plan,LTC Certified/Full-Dual - UIS State,1158.64,1192.75,1228.35
01/2024-12/2024,2024,SCAN,San Diego,SCAN Health Plan,SCAN Health Plan,LTC Certified/Full-Dual - UIS State,1242.18,1278.25,1315.89
01/2025-12/2025,2025,SCAN,Los Angeles,SCAN Health Plan,SCAN Health Plan,Aged-Disabled/Full-Dual - SIS,226.03,232.62,239.5
01/2025-12/2025,2025,SCAN,Riverside,SCAN Health Plan,SCAN Health Plan,Aged-Disabled/Full-Dual - SIS,216.49,222.82,229.43
01/2025-12/2025,2025,SCAN,San Bernardino,SCAN Health Plan,SCAN Health Plan,Aged-Disabled/Full-Dual - SIS,196.53,202.33,208.38
01/2025-12/2025,2025,SCAN,San Diego,SCAN Health Plan,SCAN Health Plan,Aged-Disabled/Full-Dual - SIS,280.21,288.26,296.66
01/2025-12/2025,2025,SCAN,Los Angeles,SCAN Health Plan,SCAN Health Plan,LTC Certified/Full-Dual - SIS,1667.66,1716.02,1766.48
01/2025-12/2025,2025,SCAN,Riverside,SCAN Health Plan,SCAN Health Plan,LTC Certified/Full-Dual - SIS,1516.17,1559.99,1605.71
01/2025-12/2025,2025,SCAN,San Bernardino,SCAN Health Plan,SCAN Health Plan,LTC Certified/Full-Dual - SIS,1500.92,1544.92,1590.84
01/2025-12/2025,2025,SCAN,San Diego,SCAN Health Plan,SCAN Health Plan,LTC Certified/Full-Dual - SIS,1277.78,1314.98,1353.8
01/2025-12/2025,2025,SCAN,Los Angeles,SCAN Health Plan,SCAN Health Plan,Aged-Disabled/Full-Dual - UIS Fed,48.34,49.78,51.28
01/2025-12/2025,2025,SCAN,Riverside,SCAN Health Plan,SCAN Health Plan,Aged-Disabled/Full-Dual - UIS Fed,50.1,51.59,53.14
01/2025-12/2025,2025,SCAN,San Bernardino,SCAN Health Plan,SCAN Health Plan,Aged-Disabled/Full-Dual - UIS Fed,49.16,50.61,52.13
01/2025-12/2025,2025,SCAN,San Diego,SCAN Health Plan,SCAN Health Plan,Aged-Disabled/Full-Dual - UIS Fed,53.59,55.19,56.85
01/2025-12/2025,2025,SCAN,Los Angeles,SCAN Health Plan,SCAN Health Plan,LTC Certified/Full-Dual - UIS Fed,137.78,141.79,145.98
01/2025-12/2025,2025,SCAN,Riverside,SCAN Health Plan,SCAN Health Plan,LTC Certified/Full-Dual - UIS Fed,134.83,138.75,142.84
01/2025-12/2025,2025,SCAN,San Bernardino,SCAN Health Plan,SCAN Health Plan,LTC Certified/Full-Dual - UIS Fed,141.22,145.34,149.63
01/2025-12/2025,2025,SCAN,San Diego,SCAN Health Plan,SCAN Health Plan,LTC Certified/Full-Dual - UIS Fed,133.35,137.22,141.27
01/2025-12/2025,2025,SCAN,Los Angeles,SCAN Health Plan,SCAN Health Plan,Aged-Disabled/Full-Dual - UIS State,177.69,182.84,188.22
01/2025-12/2025,2025,SCAN,Riverside,SCAN Health Plan,SCAN Health Plan,Aged-Disabled/Full-Dual - UIS State,166.39,171.23,176.29
01/2025-12/2025,2025,SCAN,San Bernardino,SCAN Health Plan,SCAN Health Plan,Aged-Disabled/Full-Dual - UIS State,147.38,151.72,156.25
01/2025-12/2025,2025,SCAN,San Diego,SCAN Health Plan,SCAN Health Plan,Aged-Disabled/Full-Dual - UIS State,226.62,233.07,239.81
01/2025-12/2025,2025,SCAN,Los Angeles,SCAN Health Plan,SCAN Health Plan,LTC Certified/Full-Dual - UIS State,1529.89,1574.24,1620.51
01/2025-12/2025,2025,SCAN,Riverside,SCAN Health Plan,SCAN Health Plan,LTC Certified/Full-Dual - UIS State,1381.34,1421.24,1462.87
01/2025-12/2025,2025,SCAN,San Bernardino,SCAN Health Plan,SCAN Health Plan,LTC Certified/Full-Dual - UIS State,1359.69,1399.58,1441.2
01/2025-12/2025,2025,SCAN,San Diego,SCAN Health Plan,SCAN Health Plan,LTC Certified/Full-Dual - UIS State,1144.43,1177.76,1212.53
01/2026-12/2026,2026,SCAN,Los Angeles,SCAN Health Plan,SCAN Health Plan,Aged-Disabled/Full-Dual - SIS,235.38,242.37,249.68
01/2026-12/2026,2026,SCAN,Riverside,SCAN Health Plan,SCAN Health Plan,Aged-Disabled/Full-Dual - SIS,233.84,240.8,248.06
01/2026-12/2026,2026,SCAN,San Bernardino,SCAN Health Plan,SCAN Health Plan,Aged-Disabled/Full-Dual - SIS,206.1,212.3,218.77
01/2026-12/2026,2026,SCAN,San Diego,SCAN Health Plan,SCAN Health Plan,Aged-Disabled/Full-Dual - SIS,280.96,289.16,297.72
01/2026-12/2026,2026,SCAN,Los Angeles,SCAN Health Plan,SCAN Health Plan,LTC Certified/Full-Dual - SIS,1625.87,1673.62,1723.45
01/2026-12/2026,2026,SCAN,Riverside,SCAN Health Plan,SCAN Health Plan,LTC Certified/Full-Dual - SIS,1444.42,1486.73,1530.87
01/2026-12/2026,2026,SCAN,San Bernardino,SCAN Health Plan,SCAN Health Plan,LTC Certified/Full-Dual - SIS,1459.36,1502.67,1547.87
01/2026-12/2026,2026,SCAN,San Diego,SCAN Health Plan,SCAN Health Plan,LTC Certified/Full-Dual - SIS,1451.83,1494.72,1539.49
01/2026-12/2026,2026,SCAN,Los Angeles,SCAN Health Plan,SCAN Health Plan,Aged-Disabled/Full-Dual - UIS Fed,43.4,44.75,46.16
01/2026-12/2026,2026,SCAN,Riverside,SCAN Health Plan,SCAN Health Plan,Aged-Disabled/Full-Dual - UIS Fed,45.48,46.9,48.37
01/2026-12/2026,2026,SCAN,San Bernardino,SCAN Health Plan,SCAN Health Plan,Aged-Disabled/Full-Dual - UIS Fed,43.26,44.61,46.01
01/2026-12/2026,2026,SCAN,San Diego,SCAN Health Plan,SCAN Health Plan,Aged-Disabled/Full-Dual - UIS Fed,42.59,43.91,45.29
01/2026-12/2026,2026,SCAN,Los Angeles,SCAN Health Plan,SCAN Health Plan,LTC Certified/Full-Dual - UIS Fed,86.7,89.32,92.06
01/2026-12/2026,2026,SCAN,Riverside,SCAN Health Plan,SCAN Health Plan,LTC Certified/Full-Dual - UIS Fed,69.31,71.4,73.59
01/2026-12/2026,2026,SCAN,San Bernardino,SCAN Health Plan,SCAN Health Plan,LTC Certified/Full-Dual - UIS Fed,77.24,79.58,82.02
01/2026-12/2026,2026,SCAN,San Diego,SCAN Health Plan,SCAN Health Plan,LTC Certified/Full-Dual - UIS Fed,62.92,64.83,66.82
01/2026-12/2026,2026,SCAN,Los Angeles,SCAN Health Plan,SCAN Health Plan,Aged-Disabled/Full-Dual - UIS State,191.97,197.62,203.52
01/2026-12/2026,2026,SCAN,Riverside,SCAN Health Plan,SCAN Health Plan,Aged-Disabled/Full-Dual - UIS State,188.36,193.9,199.69
01/2026-12/2026,2026,SCAN,San Bernardino,SCAN Health Plan,SCAN Health Plan,Aged-Disabled/Full-Dual - UIS State,162.83,167.69,172.76
01/2026-12/2026,2026,SCAN,San Diego,SCAN Health Plan,SCAN Health Plan,Aged-Disabled/Full-Dual - UIS State,238.37,245.25,252.43
01/2026-12/2026,2026,SCAN,Los Angeles,SCAN Health Plan,SCAN Health Plan,LTC Certified/Full-Dual - UIS State,1539.18,1584.3,1631.39
01/2026-12/2026,2026,SCAN,Riverside,SCAN Health Plan,SCAN Health Plan,LTC Certified/Full-Dual - UIS State,1375.12,1415.32,1457.28
01/2026-12/2026,2026,SCAN,San Bernardino,SCAN Health Plan,SCAN Health Plan,LTC Certified/Full-Dual - UIS State,1382.12,1423.09,1465.85
01/2026-12/2026,2026,SCAN,San Diego,SCAN Health Plan,SCAN Health Plan,LTC Certified/Full-Dual - UIS State,1388.91,1429.9,1472.67
