Month,Measure Category,Measure Type,Ethnicity Grouping,Count
202301,Eligibility,Member Months,Asian,"1,121,222"
202301,New Enrollments,New Enrollments,Asian,0
202301,State Fair Hearings,State Fair Hearings,Asian,12
202301,Utilization,Emergency Room Visits,Asian,"21,679"
202301,Utilization,Emergency Room Visits with an Inpatient Admission,Asian,"3,471"
202301,Utilization,Inpatient Admissions,Asian,"10,291"
202301,Utilization,Mild to Moderate Mental Health Visits,Asian,"18,577"
202301,Utilization,Outpatient Visits,Asian,"1,225,778"
202301,Utilization,Prescriptions,Asian,"859,390"
202301,Eligibility,Member Months,Black or African-American,"949,212"
202301,New Enrollments,New Enrollments,Black or African-American,0
202301,State Fair Hearings,State Fair Hearings,Black or African-American,21
202301,Utilization,Emergency Room Visits,Black or African-American,"59,273"
202301,Utilization,Emergency Room Visits with an Inpatient Admission,Black or African-American,"6,114"
202301,Utilization,Inpatient Admissions,Black or African-American,"16,445"
202301,Utilization,Mild to Moderate Mental Health Visits,Black or African-American,"36,880"
202301,Utilization,Outpatient Visits,Black or African-American,"1,083,304"
202301,Utilization,Prescriptions,Black or African-American,"683,362"
202301,Eligibility,Member Months,Hispanic,"6,766,874"
202301,New Enrollments,New Enrollments,Hispanic,0
202301,State Fair Hearings,State Fair Hearings,Hispanic,40
202301,Utilization,Emergency Room Visits,Hispanic,"274,646"
202301,Utilization,Emergency Room Visits with an Inpatient Admission,Hispanic,"20,604"
202301,Utilization,Inpatient Admissions,Hispanic,"61,489"
202301,Utilization,Mild to Moderate Mental Health Visits,Hispanic,"199,781"
202301,Utilization,Outpatient Visits,Hispanic,"6,575,922"
202301,Utilization,Prescriptions,Hispanic,"3,972,961"
202301,Eligibility,Member Months,Native Hawaiian or Other Pacific Islander,"171,556"
202301,New Enrollments,New Enrollments,Native Hawaiian or Other Pacific Islander,0
202301,State Fair Hearings,State Fair Hearings,Native Hawaiian or Other Pacific Islander,2
202301,Utilization,Emergency Room Visits,Native Hawaiian or Other Pacific Islander,"5,980"
202301,Utilization,Emergency Room Visits with an Inpatient Admission,Native Hawaiian or Other Pacific Islander,861
202301,Utilization,Inpatient Admissions,Native Hawaiian or Other Pacific Islander,"3,120"
202301,Utilization,Mild to Moderate Mental Health Visits,Native Hawaiian or Other Pacific Islander,"4,098"
202301,Utilization,Outpatient Visits,Native Hawaiian or Other Pacific Islander,"199,536"
202301,Utilization,Prescriptions,Native Hawaiian or Other Pacific Islander,"137,041"
202301,Eligibility,Member Months,Other/Unknown,"2,142,212"
202301,New Enrollments,New Enrollments,Other/Unknown,0
202301,State Fair Hearings,State Fair Hearings,Other/Unknown,31
202301,Utilization,Emergency Room Visits,Other/Unknown,"94,872"
202301,Utilization,Emergency Room Visits with an Inpatient Admission,Other/Unknown,"8,848"
202301,Utilization,Inpatient Admissions,Other/Unknown,"31,932"
202301,Utilization,Mild to Moderate Mental Health Visits,Other/Unknown,"101,386"
202301,Utilization,Outpatient Visits,Other/Unknown,"2,232,201"
202301,Utilization,Prescriptions,Other/Unknown,"1,404,158"
202301,Eligibility,Member Months,White,"2,262,285"
202301,New Enrollments,New Enrollments,White,0
202301,State Fair Hearings,State Fair Hearings,White,41
202301,Utilization,Emergency Room Visits,White,"114,866"
202301,Utilization,Emergency Room Visits with an Inpatient Admission,White,"12,159"
202301,Utilization,Inpatient Admissions,White,"46,054"
202301,Utilization,Mild to Moderate Mental Health Visits,White,"169,175"
202301,Utilization,Outpatient Visits,White,"3,026,180"
202301,Utilization,Prescriptions,White,"2,034,417"
202302,Eligibility,Member Months,Asian,"1,166,246"
202302,New Enrollments,New Enrollments,Asian,0
202302,State Fair Hearings,State Fair Hearings,Asian,15
202302,Utilization,Emergency Room Visits,Asian,"21,574"
202302,Utilization,Emergency Room Visits with an Inpatient Admission,Asian,"3,256"
202302,Utilization,Inpatient Admissions,Asian,"10,240"
202302,Utilization,Mild to Moderate Mental Health Visits,Asian,"17,894"
202302,Utilization,Outpatient Visits,Asian,"1,250,744"
202302,Utilization,Prescriptions,Asian,"821,786"
202302,Eligibility,Member Months,Black or African-American,"989,258"
202302,New Enrollments,New Enrollments,Black or African-American,0
202302,State Fair Hearings,State Fair Hearings,Black or African-American,15
202302,Utilization,Emergency Room Visits,Black or African-American,"57,801"
202302,Utilization,Emergency Room Visits with an Inpatient Admission,Black or African-American,"5,630"
202302,Utilization,Inpatient Admissions,Black or African-American,"16,165"
202302,Utilization,Mild to Moderate Mental Health Visits,Black or African-American,"35,618"
202302,Utilization,Outpatient Visits,Black or African-American,"1,072,131"
202302,Utilization,Prescriptions,Black or African-American,"645,827"
202302,Eligibility,Member Months,Hispanic,"6,916,932"
202302,New Enrollments,New Enrollments,Hispanic,0
202302,State Fair Hearings,State Fair Hearings,Hispanic,56
202302,Utilization,Emergency Room Visits,Hispanic,"275,999"
202302,Utilization,Emergency Room Visits with an Inpatient Admission,Hispanic,"19,864"
202302,Utilization,Inpatient Admissions,Hispanic,"59,381"
202302,Utilization,Mild to Moderate Mental Health Visits,Hispanic,"193,811"
202302,Utilization,Outpatient Visits,Hispanic,"6,527,533"
202302,Utilization,Prescriptions,Hispanic,"3,848,124"
202302,Eligibility,Member Months,Native Hawaiian or Other Pacific Islander,"179,737"
202302,New Enrollments,New Enrollments,Native Hawaiian or Other Pacific Islander,0
202302,State Fair Hearings,State Fair Hearings,Native Hawaiian or Other Pacific Islander,3
202302,Utilization,Emergency Room Visits,Native Hawaiian or Other Pacific Islander,"5,808"
202302,Utilization,Emergency Room Visits with an Inpatient Admission,Native Hawaiian or Other Pacific Islander,832
202302,Utilization,Inpatient Admissions,Native Hawaiian or Other Pacific Islander,"3,046"
202302,Utilization,Mild to Moderate Mental Health Visits,Native Hawaiian or Other Pacific Islander,"3,954"
202302,Utilization,Outpatient Visits,Native Hawaiian or Other Pacific Islander,"203,993"
202302,Utilization,Prescriptions,Native Hawaiian or Other Pacific Islander,"129,654"
202302,Eligibility,Member Months,Other/Unknown,"2,238,417"
202302,New Enrollments,New Enrollments,Other/Unknown,0
202302,State Fair Hearings,State Fair Hearings,Other/Unknown,31
202302,Utilization,Emergency Room Visits,Other/Unknown,"93,425"
202302,Utilization,Emergency Room Visits with an Inpatient Admission,Other/Unknown,"8,431"
202302,Utilization,Inpatient Admissions,Other/Unknown,"31,602"
202302,Utilization,Mild to Moderate Mental Health Visits,Other/Unknown,"96,507"
202302,Utilization,Outpatient Visits,Other/Unknown,"2,202,146"
202302,Utilization,Prescriptions,Other/Unknown,"1,338,498"
202302,Eligibility,Member Months,White,"2,357,562"
202302,New Enrollments,New Enrollments,White,0
202302,State Fair Hearings,State Fair Hearings,White,56
202302,Utilization,Emergency Room Visits,White,"110,881"
202302,Utilization,Emergency Room Visits with an Inpatient Admission,White,"11,676"
202302,Utilization,Inpatient Admissions,White,"46,751"
202302,Utilization,Mild to Moderate Mental Health Visits,White,"159,422"
202302,Utilization,Outpatient Visits,White,"2,954,630"
202302,Utilization,Prescriptions,White,"1,911,391"
202303,Eligibility,Member Months,Asian,"1,174,372"
202303,New Enrollments,New Enrollments,Asian,0
202303,State Fair Hearings,State Fair Hearings,Asian,16
202303,Utilization,Emergency Room Visits,Asian,"24,038"
202303,Utilization,Emergency Room Visits with an Inpatient Admission,Asian,"3,663"
202303,Utilization,Inpatient Admissions,Asian,"11,584"
202303,Utilization,Mild to Moderate Mental Health Visits,Asian,"21,442"
202303,Utilization,Outpatient Visits,Asian,"1,408,389"
202303,Utilization,Prescriptions,Asian,"915,731"
202303,Eligibility,Member Months,Black or African-American,"992,673"
202303,New Enrollments,New Enrollments,Black or African-American,0
202303,State Fair Hearings,State Fair Hearings,Black or African-American,33
202303,Utilization,Emergency Room Visits,Black or African-American,"64,005"
202303,Utilization,Emergency Room Visits with an Inpatient Admission,Black or African-American,"6,194"
202303,Utilization,Inpatient Admissions,Black or African-American,"17,990"
202303,Utilization,Mild to Moderate Mental Health Visits,Black or African-American,"41,653"
202303,Utilization,Outpatient Visits,Black or African-American,"1,195,146"
202303,Utilization,Prescriptions,Black or African-American,"727,503"
202303,Eligibility,Member Months,Hispanic,"6,957,454"
202303,New Enrollments,New Enrollments,Hispanic,0
202303,State Fair Hearings,State Fair Hearings,Hispanic,75
202303,Utilization,Emergency Room Visits,Hispanic,"308,497"
202303,Utilization,Emergency Room Visits with an Inpatient Admission,Hispanic,"21,663"
202303,Utilization,Inpatient Admissions,Hispanic,"65,361"
202303,Utilization,Mild to Moderate Mental Health Visits,Hispanic,"228,265"
202303,Utilization,Outpatient Visits,Hispanic,"7,441,205"
202303,Utilization,Prescriptions,Hispanic,"4,335,969"
202303,Eligibility,Member Months,Native Hawaiian or Other Pacific Islander,"180,417"
202303,New Enrollments,New Enrollments,Native Hawaiian or Other Pacific Islander,0
202303,State Fair Hearings,State Fair Hearings,Native Hawaiian or Other Pacific Islander,4
202303,Utilization,Emergency Room Visits,Native Hawaiian or Other Pacific Islander,"6,312"
202303,Utilization,Emergency Room Visits with an Inpatient Admission,Native Hawaiian or Other Pacific Islander,930
202303,Utilization,Inpatient Admissions,Native Hawaiian or Other Pacific Islander,"3,328"
202303,Utilization,Mild to Moderate Mental Health Visits,Native Hawaiian or Other Pacific Islander,"4,643"
202303,Utilization,Outpatient Visits,Native Hawaiian or Other Pacific Islander,"225,461"
202303,Utilization,Prescriptions,Native Hawaiian or Other Pacific Islander,"144,590"
202303,Eligibility,Member Months,Other/Unknown,"2,250,098"
202303,New Enrollments,New Enrollments,Other/Unknown,0
202303,State Fair Hearings,State Fair Hearings,Other/Unknown,40
202303,Utilization,Emergency Room Visits,Other/Unknown,"103,791"
202303,Utilization,Emergency Room Visits with an Inpatient Admission,Other/Unknown,"9,351"
202303,Utilization,Inpatient Admissions,Other/Unknown,"34,734"
202303,Utilization,Mild to Moderate Mental Health Visits,Other/Unknown,"111,151"
202303,Utilization,Outpatient Visits,Other/Unknown,"2,503,747"
202303,Utilization,Prescriptions,Other/Unknown,"1,504,614"
202303,Eligibility,Member Months,White,"2,371,392"
202303,New Enrollments,New Enrollments,White,0
202303,State Fair Hearings,State Fair Hearings,White,81
202303,Utilization,Emergency Room Visits,White,"123,886"
202303,Utilization,Emergency Room Visits with an Inpatient Admission,White,"12,816"
202303,Utilization,Inpatient Admissions,White,"52,001"
202303,Utilization,Mild to Moderate Mental Health Visits,White,"182,929"
202303,Utilization,Outpatient Visits,White,"3,305,316"
202303,Utilization,Prescriptions,White,"2,150,027"
202304,Eligibility,Member Months,Asian,"1,181,947"
202304,New Enrollments,New Enrollments,Asian,0
202304,State Fair Hearings,State Fair Hearings,Asian,14
202304,Utilization,Emergency Room Visits,Asian,"23,570"
202304,Utilization,Emergency Room Visits with an Inpatient Admission,Asian,"3,329"
202304,Utilization,Inpatient Admissions,Asian,"10,778"
202304,Utilization,Mild to Moderate Mental Health Visits,Asian,"18,942"
202304,Utilization,Outpatient Visits,Asian,"1,279,681"
202304,Utilization,Prescriptions,Asian,"844,549"
202304,Eligibility,Member Months,Black or African-American,"997,861"
202304,New Enrollments,New Enrollments,Black or African-American,0
202304,State Fair Hearings,State Fair Hearings,Black or African-American,26
202304,Utilization,Emergency Room Visits,Black or African-American,"62,949"
202304,Utilization,Emergency Room Visits with an Inpatient Admission,Black or African-American,"5,831"
202304,Utilization,Inpatient Admissions,Black or African-American,"16,522"
202304,Utilization,Mild to Moderate Mental Health Visits,Black or African-American,"37,306"
202304,Utilization,Outpatient Visits,Black or African-American,"1,062,677"
202304,Utilization,Prescriptions,Black or African-American,"665,268"
202304,Eligibility,Member Months,Hispanic,"7,010,933"
202304,New Enrollments,New Enrollments,Hispanic,0
202304,State Fair Hearings,State Fair Hearings,Hispanic,67
202304,Utilization,Emergency Room Visits,Hispanic,"303,156"
202304,Utilization,Emergency Room Visits with an Inpatient Admission,Hispanic,"20,759"
202304,Utilization,Inpatient Admissions,Hispanic,"60,281"
202304,Utilization,Mild to Moderate Mental Health Visits,Hispanic,"203,167"
202304,Utilization,Outpatient Visits,Hispanic,"6,617,364"
202304,Utilization,Prescriptions,Hispanic,"3,948,551"
202304,Eligibility,Member Months,Native Hawaiian or Other Pacific Islander,"181,556"
202304,New Enrollments,New Enrollments,Native Hawaiian or Other Pacific Islander,0
202304,State Fair Hearings,State Fair Hearings,Native Hawaiian or Other Pacific Islander,1
202304,Utilization,Emergency Room Visits,Native Hawaiian or Other Pacific Islander,"6,255"
202304,Utilization,Emergency Room Visits with an Inpatient Admission,Native Hawaiian or Other Pacific Islander,848
202304,Utilization,Inpatient Admissions,Native Hawaiian or Other Pacific Islander,"3,036"
202304,Utilization,Mild to Moderate Mental Health Visits,Native Hawaiian or Other Pacific Islander,"4,047"
202304,Utilization,Outpatient Visits,Native Hawaiian or Other Pacific Islander,"199,586"
202304,Utilization,Prescriptions,Native Hawaiian or Other Pacific Islander,"132,316"
202304,Eligibility,Member Months,Other/Unknown,"2,275,864"
202304,New Enrollments,New Enrollments,Other/Unknown,0
202304,State Fair Hearings,State Fair Hearings,Other/Unknown,35
202304,Utilization,Emergency Room Visits,Other/Unknown,"100,864"
202304,Utilization,Emergency Room Visits with an Inpatient Admission,Other/Unknown,"8,610"
202304,Utilization,Inpatient Admissions,Other/Unknown,"32,228"
202304,Utilization,Mild to Moderate Mental Health Visits,Other/Unknown,"99,067"
202304,Utilization,Outpatient Visits,Other/Unknown,"2,205,553"
202304,Utilization,Prescriptions,Other/Unknown,"1,380,041"
202304,Eligibility,Member Months,White,"2,388,294"
202304,New Enrollments,New Enrollments,White,0
202304,State Fair Hearings,State Fair Hearings,White,80
202304,Utilization,Emergency Room Visits,White,"120,415"
202304,Utilization,Emergency Room Visits with an Inpatient Admission,White,"12,116"
202304,Utilization,Inpatient Admissions,White,"48,538"
202304,Utilization,Mild to Moderate Mental Health Visits,White,"159,814"
202304,Utilization,Outpatient Visits,White,"2,941,926"
202304,Utilization,Prescriptions,White,"1,964,695"
202305,Eligibility,Member Months,Asian,"1,186,342"
202305,New Enrollments,New Enrollments,Asian,0
202305,State Fair Hearings,State Fair Hearings,Asian,13
202305,Utilization,Emergency Room Visits,Asian,"24,639"
202305,Utilization,Emergency Room Visits with an Inpatient Admission,Asian,"3,450"
202305,Utilization,Inpatient Admissions,Asian,"11,159"
202305,Utilization,Mild to Moderate Mental Health Visits,Asian,"21,040"
202305,Utilization,Outpatient Visits,Asian,"1,375,836"
202305,Utilization,Prescriptions,Asian,"910,794"
202305,Eligibility,Member Months,Black or African-American,"1,000,841"
202305,New Enrollments,New Enrollments,Black or African-American,0
202305,State Fair Hearings,State Fair Hearings,Black or African-American,35
202305,Utilization,Emergency Room Visits,Black or African-American,"65,879"
202305,Utilization,Emergency Room Visits with an Inpatient Admission,Black or African-American,"5,982"
202305,Utilization,Inpatient Admissions,Black or African-American,"17,233"
202305,Utilization,Mild to Moderate Mental Health Visits,Black or African-American,"41,603"
202305,Utilization,Outpatient Visits,Black or African-American,"1,131,656"
202305,Utilization,Prescriptions,Black or African-American,"723,329"
202305,Eligibility,Member Months,Hispanic,"7,047,052"
202305,New Enrollments,New Enrollments,Hispanic,0
202305,State Fair Hearings,State Fair Hearings,Hispanic,70
202305,Utilization,Emergency Room Visits,Hispanic,"324,029"
202305,Utilization,Emergency Room Visits with an Inpatient Admission,Hispanic,"21,423"
202305,Utilization,Inpatient Admissions,Hispanic,"62,951"
202305,Utilization,Mild to Moderate Mental Health Visits,Hispanic,"225,836"
202305,Utilization,Outpatient Visits,Hispanic,"7,177,010"
202305,Utilization,Prescriptions,Hispanic,"4,308,942"
202305,Eligibility,Member Months,Native Hawaiian or Other Pacific Islander,"182,208"
202305,New Enrollments,New Enrollments,Native Hawaiian or Other Pacific Islander,0
202305,State Fair Hearings,State Fair Hearings,Native Hawaiian or Other Pacific Islander,6
202305,Utilization,Emergency Room Visits,Native Hawaiian or Other Pacific Islander,"6,653"
202305,Utilization,Emergency Room Visits with an Inpatient Admission,Native Hawaiian or Other Pacific Islander,825
202305,Utilization,Inpatient Admissions,Native Hawaiian or Other Pacific Islander,"3,093"
202305,Utilization,Mild to Moderate Mental Health Visits,Native Hawaiian or Other Pacific Islander,"4,512"
202305,Utilization,Outpatient Visits,Native Hawaiian or Other Pacific Islander,"216,781"
202305,Utilization,Prescriptions,Native Hawaiian or Other Pacific Islander,"145,419"
202305,Eligibility,Member Months,Other/Unknown,"2,291,558"
202305,New Enrollments,New Enrollments,Other/Unknown,0
202305,State Fair Hearings,State Fair Hearings,Other/Unknown,59
202305,Utilization,Emergency Room Visits,Other/Unknown,"106,943"
202305,Utilization,Emergency Room Visits with an Inpatient Admission,Other/Unknown,"8,835"
202305,Utilization,Inpatient Admissions,Other/Unknown,"33,221"
202305,Utilization,Mild to Moderate Mental Health Visits,Other/Unknown,"110,959"
202305,Utilization,Outpatient Visits,Other/Unknown,"2,413,871"
202305,Utilization,Prescriptions,Other/Unknown,"1,502,399"
202305,Eligibility,Member Months,White,"2,396,754"
202305,New Enrollments,New Enrollments,White,0
202305,State Fair Hearings,State Fair Hearings,White,88
202305,Utilization,Emergency Room Visits,White,"128,190"
202305,Utilization,Emergency Room Visits with an Inpatient Admission,White,"12,545"
202305,Utilization,Inpatient Admissions,White,"50,744"
202305,Utilization,Mild to Moderate Mental Health Visits,White,"178,233"
202305,Utilization,Outpatient Visits,White,"3,204,170"
202305,Utilization,Prescriptions,White,"2,129,722"
202306,Eligibility,Member Months,Asian,"1,189,791"
202306,New Enrollments,New Enrollments,Asian,0
202306,State Fair Hearings,State Fair Hearings,Asian,11
202306,Utilization,Emergency Room Visits,Asian,"22,859"
202306,Utilization,Emergency Room Visits with an Inpatient Admission,Asian,"3,284"
202306,Utilization,Inpatient Admissions,Asian,"11,052"
202306,Utilization,Mild to Moderate Mental Health Visits,Asian,"20,105"
202306,Utilization,Outpatient Visits,Asian,"1,338,464"
202306,Utilization,Prescriptions,Asian,"873,008"
202306,Eligibility,Member Months,Black or African-American,"1,002,835"
202306,New Enrollments,New Enrollments,Black or African-American,0
202306,State Fair Hearings,State Fair Hearings,Black or African-American,24
202306,Utilization,Emergency Room Visits,Black or African-American,"61,679"
202306,Utilization,Emergency Room Visits with an Inpatient Admission,Black or African-American,"5,947"
202306,Utilization,Inpatient Admissions,Black or African-American,"16,683"
202306,Utilization,Mild to Moderate Mental Health Visits,Black or African-American,"39,621"
202306,Utilization,Outpatient Visits,Black or African-American,"1,074,233"
202306,Utilization,Prescriptions,Black or African-American,"686,291"
202306,Eligibility,Member Months,Hispanic,"7,076,554"
202306,New Enrollments,New Enrollments,Hispanic,0
202306,State Fair Hearings,State Fair Hearings,Hispanic,69
202306,Utilization,Emergency Room Visits,Hispanic,"292,614"
202306,Utilization,Emergency Room Visits with an Inpatient Admission,Hispanic,"20,776"
202306,Utilization,Inpatient Admissions,Hispanic,"60,040"
202306,Utilization,Mild to Moderate Mental Health Visits,Hispanic,"215,476"
202306,Utilization,Outpatient Visits,Hispanic,"6,566,711"
202306,Utilization,Prescriptions,Hispanic,"4,021,955"
202306,Eligibility,Member Months,Native Hawaiian or Other Pacific Islander,"182,833"
202306,New Enrollments,New Enrollments,Native Hawaiian or Other Pacific Islander,0
202306,State Fair Hearings,State Fair Hearings,Native Hawaiian or Other Pacific Islander,4
202306,Utilization,Emergency Room Visits,Native Hawaiian or Other Pacific Islander,"6,166"
202306,Utilization,Emergency Room Visits with an Inpatient Admission,Native Hawaiian or Other Pacific Islander,821
202306,Utilization,Inpatient Admissions,Native Hawaiian or Other Pacific Islander,"3,104"
202306,Utilization,Mild to Moderate Mental Health Visits,Native Hawaiian or Other Pacific Islander,"4,195"
202306,Utilization,Outpatient Visits,Native Hawaiian or Other Pacific Islander,"206,875"
202306,Utilization,Prescriptions,Native Hawaiian or Other Pacific Islander,"137,205"
202306,Eligibility,Member Months,Other/Unknown,"2,304,017"
202306,New Enrollments,New Enrollments,Other/Unknown,0
202306,State Fair Hearings,State Fair Hearings,Other/Unknown,34
202306,Utilization,Emergency Room Visits,Other/Unknown,"99,178"
202306,Utilization,Emergency Room Visits with an Inpatient Admission,Other/Unknown,"8,455"
202306,Utilization,Inpatient Admissions,Other/Unknown,"32,112"
202306,Utilization,Mild to Moderate Mental Health Visits,Other/Unknown,"104,305"
202306,Utilization,Outpatient Visits,Other/Unknown,"2,222,290"
202306,Utilization,Prescriptions,Other/Unknown,"1,412,994"
202306,Eligibility,Member Months,White,"2,403,282"
202306,New Enrollments,New Enrollments,White,0
202306,State Fair Hearings,State Fair Hearings,White,82
202306,Utilization,Emergency Room Visits,White,"122,170"
202306,Utilization,Emergency Room Visits with an Inpatient Admission,White,"12,297"
202306,Utilization,Inpatient Admissions,White,"50,127"
202306,Utilization,Mild to Moderate Mental Health Visits,White,"167,864"
202306,Utilization,Outpatient Visits,White,"3,000,648"
202306,Utilization,Prescriptions,White,"2,040,063"
202307,Eligibility,Member Months,Asian,"1,183,812"
202307,New Enrollments,New Enrollments,Asian,0
202307,State Fair Hearings,State Fair Hearings,Asian,14
202307,Utilization,Emergency Room Visits,Asian,"22,187"
202307,Utilization,Emergency Room Visits with an Inpatient Admission,Asian,"3,237"
202307,Utilization,Inpatient Admissions,Asian,"10,588"
202307,Utilization,Mild to Moderate Mental Health Visits,Asian,"20,171"
202307,Utilization,Outpatient Visits,Asian,"1,264,986"
202307,Utilization,Prescriptions,Asian,"831,224"
202307,Eligibility,Member Months,Black or African-American,"998,924"
202307,New Enrollments,New Enrollments,Black or African-American,0
202307,State Fair Hearings,State Fair Hearings,Black or African-American,20
202307,Utilization,Emergency Room Visits,Black or African-American,"63,013"
202307,Utilization,Emergency Room Visits with an Inpatient Admission,Black or African-American,"5,678"
202307,Utilization,Inpatient Admissions,Black or African-American,"15,417"
202307,Utilization,Mild to Moderate Mental Health Visits,Black or African-American,"42,328"
202307,Utilization,Outpatient Visits,Black or African-American,"1,010,730"
202307,Utilization,Prescriptions,Black or African-American,"654,914"
202307,Eligibility,Member Months,Hispanic,"7,053,551"
202307,New Enrollments,New Enrollments,Hispanic,0
202307,State Fair Hearings,State Fair Hearings,Hispanic,53
202307,Utilization,Emergency Room Visits,Hispanic,"287,476"
202307,Utilization,Emergency Room Visits with an Inpatient Admission,Hispanic,"20,587"
202307,Utilization,Inpatient Admissions,Hispanic,"56,793"
202307,Utilization,Mild to Moderate Mental Health Visits,Hispanic,"229,130"
202307,Utilization,Outpatient Visits,Hispanic,"5,990,930"
202307,Utilization,Prescriptions,Hispanic,"3,776,129"
202307,Eligibility,Member Months,Native Hawaiian or Other Pacific Islander,"182,429"
202307,New Enrollments,New Enrollments,Native Hawaiian or Other Pacific Islander,0
202307,State Fair Hearings,State Fair Hearings,Native Hawaiian or Other Pacific Islander,1
202307,Utilization,Emergency Room Visits,Native Hawaiian or Other Pacific Islander,"6,140"
202307,Utilization,Emergency Room Visits with an Inpatient Admission,Native Hawaiian or Other Pacific Islander,790
202307,Utilization,Inpatient Admissions,Native Hawaiian or Other Pacific Islander,"2,993"
202307,Utilization,Mild to Moderate Mental Health Visits,Native Hawaiian or Other Pacific Islander,"4,359"
202307,Utilization,Outpatient Visits,Native Hawaiian or Other Pacific Islander,"195,709"
202307,Utilization,Prescriptions,Native Hawaiian or Other Pacific Islander,"132,397"
202307,Eligibility,Member Months,Other/Unknown,"2,302,415"
202307,New Enrollments,New Enrollments,Other/Unknown,0
202307,State Fair Hearings,State Fair Hearings,Other/Unknown,37
202307,Utilization,Emergency Room Visits,Other/Unknown,"98,066"
202307,Utilization,Emergency Room Visits with an Inpatient Admission,Other/Unknown,"8,201"
202307,Utilization,Inpatient Admissions,Other/Unknown,"30,234"
202307,Utilization,Mild to Moderate Mental Health Visits,Other/Unknown,"101,473"
202307,Utilization,Outpatient Visits,Other/Unknown,"2,012,564"
202307,Utilization,Prescriptions,Other/Unknown,"1,339,453"
202307,Eligibility,Member Months,White,"2,390,766"
202307,New Enrollments,New Enrollments,White,0
202307,State Fair Hearings,State Fair Hearings,White,63
202307,Utilization,Emergency Room Visits,White,"125,151"
202307,Utilization,Emergency Room Visits with an Inpatient Admission,White,"12,551"
202307,Utilization,Inpatient Admissions,White,"48,141"
202307,Utilization,Mild to Moderate Mental Health Visits,White,"164,849"
202307,Utilization,Outpatient Visits,White,"2,786,316"
202307,Utilization,Prescriptions,White,"1,951,973"
202308,Eligibility,Member Months,Asian,"1,181,073"
202308,New Enrollments,New Enrollments,Asian,0
202308,State Fair Hearings,State Fair Hearings,Asian,23
202308,Utilization,Emergency Room Visits,Asian,"22,041"
202308,Utilization,Emergency Room Visits with an Inpatient Admission,Asian,"2,907"
202308,Utilization,Inpatient Admissions,Asian,"9,812"
202308,Utilization,Mild to Moderate Mental Health Visits,Asian,"22,670"
202308,Utilization,Outpatient Visits,Asian,"1,347,148"
202308,Utilization,Prescriptions,Asian,"902,029"
202308,Eligibility,Member Months,Black or African-American,"995,824"
202308,New Enrollments,New Enrollments,Black or African-American,0
202308,State Fair Hearings,State Fair Hearings,Black or African-American,19
202308,Utilization,Emergency Room Visits,Black or African-American,"63,568"
202308,Utilization,Emergency Room Visits with an Inpatient Admission,Black or African-American,"5,719"
202308,Utilization,Inpatient Admissions,Black or African-American,"15,453"
202308,Utilization,Mild to Moderate Mental Health Visits,Black or African-American,"48,402"
202308,Utilization,Outpatient Visits,Black or African-American,"1,110,471"
202308,Utilization,Prescriptions,Black or African-American,"709,029"
202308,Eligibility,Member Months,Hispanic,"7,051,879"
202308,New Enrollments,New Enrollments,Hispanic,0
202308,State Fair Hearings,State Fair Hearings,Hispanic,51
202308,Utilization,Emergency Room Visits,Hispanic,"298,105"
202308,Utilization,Emergency Room Visits with an Inpatient Admission,Hispanic,"20,548"
202308,Utilization,Inpatient Admissions,Hispanic,"55,982"
202308,Utilization,Mild to Moderate Mental Health Visits,Hispanic,"264,069"
202308,Utilization,Outpatient Visits,Hispanic,"6,831,022"
202308,Utilization,Prescriptions,Hispanic,"4,225,044"
202308,Eligibility,Member Months,Native Hawaiian or Other Pacific Islander,"182,346"
202308,New Enrollments,New Enrollments,Native Hawaiian or Other Pacific Islander,0
202308,State Fair Hearings,State Fair Hearings,Native Hawaiian or Other Pacific Islander,1
202308,Utilization,Emergency Room Visits,Native Hawaiian or Other Pacific Islander,"6,211"
202308,Utilization,Emergency Room Visits with an Inpatient Admission,Native Hawaiian or Other Pacific Islander,723
202308,Utilization,Inpatient Admissions,Native Hawaiian or Other Pacific Islander,"2,828"
202308,Utilization,Mild to Moderate Mental Health Visits,Native Hawaiian or Other Pacific Islander,"4,869"
202308,Utilization,Outpatient Visits,Native Hawaiian or Other Pacific Islander,"213,774"
202308,Utilization,Prescriptions,Native Hawaiian or Other Pacific Islander,"143,985"
202308,Eligibility,Member Months,Other/Unknown,"2,300,365"
202308,New Enrollments,New Enrollments,Other/Unknown,0
202308,State Fair Hearings,State Fair Hearings,Other/Unknown,25
202308,Utilization,Emergency Room Visits,Other/Unknown,"98,472"
202308,Utilization,Emergency Room Visits with an Inpatient Admission,Other/Unknown,"7,542"
202308,Utilization,Inpatient Admissions,Other/Unknown,"28,142"
202308,Utilization,Mild to Moderate Mental Health Visits,Other/Unknown,"116,012"
202308,Utilization,Outpatient Visits,Other/Unknown,"2,223,595"
202308,Utilization,Prescriptions,Other/Unknown,"1,462,397"
202308,Eligibility,Member Months,White,"2,383,680"
202308,New Enrollments,New Enrollments,White,0
202308,State Fair Hearings,State Fair Hearings,White,54
202308,Utilization,Emergency Room Visits,White,"123,723"
202308,Utilization,Emergency Room Visits with an Inpatient Admission,White,"12,149"
202308,Utilization,Inpatient Admissions,White,"46,243"
202308,Utilization,Mild to Moderate Mental Health Visits,White,"188,426"
202308,Utilization,Outpatient Visits,White,"3,027,102"
202308,Utilization,Prescriptions,White,"2,104,633"
202309,Eligibility,Member Months,Asian,"1,165,648"
202309,New Enrollments,New Enrollments,Asian,0
202309,State Fair Hearings,State Fair Hearings,Asian,7
202309,Utilization,Emergency Room Visits,Asian,"21,269"
202309,Utilization,Emergency Room Visits with an Inpatient Admission,Asian,"2,757"
202309,Utilization,Inpatient Admissions,Asian,"9,358"
202309,Utilization,Mild to Moderate Mental Health Visits,Asian,"19,213"
202309,Utilization,Outpatient Visits,Asian,"1,278,129"
202309,Utilization,Prescriptions,Asian,"872,837"
202309,Eligibility,Member Months,Black or African-American,"983,174"
202309,New Enrollments,New Enrollments,Black or African-American,0
202309,State Fair Hearings,State Fair Hearings,Black or African-American,19
202309,Utilization,Emergency Room Visits,Black or African-American,"61,151"
202309,Utilization,Emergency Room Visits with an Inpatient Admission,Black or African-American,"5,242"
202309,Utilization,Inpatient Admissions,Black or African-American,"13,589"
202309,Utilization,Mild to Moderate Mental Health Visits,Black or African-American,"42,859"
202309,Utilization,Outpatient Visits,Black or African-American,"1,037,472"
202309,Utilization,Prescriptions,Black or African-American,"666,149"
202309,Eligibility,Member Months,Hispanic,"6,951,505"
202309,New Enrollments,New Enrollments,Hispanic,0
202309,State Fair Hearings,State Fair Hearings,Hispanic,45
202309,Utilization,Emergency Room Visits,Hispanic,"290,468"
202309,Utilization,Emergency Room Visits with an Inpatient Admission,Hispanic,"19,196"
202309,Utilization,Inpatient Admissions,Hispanic,"51,665"
202309,Utilization,Mild to Moderate Mental Health Visits,Hispanic,"232,309"
202309,Utilization,Outpatient Visits,Hispanic,"6,354,472"
202309,Utilization,Prescriptions,Hispanic,"3,992,095"
202309,Eligibility,Member Months,Native Hawaiian or Other Pacific Islander,"181,602"
202309,New Enrollments,New Enrollments,Native Hawaiian or Other Pacific Islander,0
202309,State Fair Hearings,State Fair Hearings,Native Hawaiian or Other Pacific Islander,6
202309,Utilization,Emergency Room Visits,Native Hawaiian or Other Pacific Islander,"5,981"
202309,Utilization,Emergency Room Visits with an Inpatient Admission,Native Hawaiian or Other Pacific Islander,596
202309,Utilization,Inpatient Admissions,Native Hawaiian or Other Pacific Islander,"2,442"
202309,Utilization,Mild to Moderate Mental Health Visits,Native Hawaiian or Other Pacific Islander,"4,355"
202309,Utilization,Outpatient Visits,Native Hawaiian or Other Pacific Islander,"200,950"
202309,Utilization,Prescriptions,Native Hawaiian or Other Pacific Islander,"136,990"
202309,Eligibility,Member Months,Other/Unknown,"2,275,370"
202309,New Enrollments,New Enrollments,Other/Unknown,0
202309,State Fair Hearings,State Fair Hearings,Other/Unknown,35
202309,Utilization,Emergency Room Visits,Other/Unknown,"94,955"
202309,Utilization,Emergency Room Visits with an Inpatient Admission,Other/Unknown,"7,194"
202309,Utilization,Inpatient Admissions,Other/Unknown,"26,043"
202309,Utilization,Mild to Moderate Mental Health Visits,Other/Unknown,"101,097"
202309,Utilization,Outpatient Visits,Other/Unknown,"2,063,239"
202309,Utilization,Prescriptions,Other/Unknown,"1,378,435"
202309,Eligibility,Member Months,White,"2,345,937"
202309,New Enrollments,New Enrollments,White,0
202309,State Fair Hearings,State Fair Hearings,White,59
202309,Utilization,Emergency Room Visits,White,"116,520"
202309,Utilization,Emergency Room Visits with an Inpatient Admission,White,"11,109"
202309,Utilization,Inpatient Admissions,White,"41,810"
202309,Utilization,Mild to Moderate Mental Health Visits,White,"164,132"
202309,Utilization,Outpatient Visits,White,"2,793,815"
202309,Utilization,Prescriptions,White,"1,969,234"
202310,Eligibility,Member Months,Asian,"1,153,932"
202310,New Enrollments,New Enrollments,Asian,0
202310,State Fair Hearings,State Fair Hearings,Asian,8
202310,Utilization,Emergency Room Visits,Asian,"21,597"
202310,Utilization,Emergency Room Visits with an Inpatient Admission,Asian,"2,799"
202310,Utilization,Inpatient Admissions,Asian,"9,437"
202310,Utilization,Mild to Moderate Mental Health Visits,Asian,"20,201"
202310,Utilization,Outpatient Visits,Asian,"1,343,887"
202310,Utilization,Prescriptions,Asian,"928,299"
202310,Eligibility,Member Months,Black or African-American,"974,564"
202310,New Enrollments,New Enrollments,Black or African-American,0
202310,State Fair Hearings,State Fair Hearings,Black or African-American,18
202310,Utilization,Emergency Room Visits,Black or African-American,"60,812"
202310,Utilization,Emergency Room Visits with an Inpatient Admission,Black or African-American,"5,303"
202310,Utilization,Inpatient Admissions,Black or African-American,"13,292"
202310,Utilization,Mild to Moderate Mental Health Visits,Black or African-American,"43,305"
202310,Utilization,Outpatient Visits,Black or African-American,"1,048,725"
202310,Utilization,Prescriptions,Black or African-American,"706,412"
202310,Eligibility,Member Months,Hispanic,"6,886,744"
202310,New Enrollments,New Enrollments,Hispanic,0
202310,State Fair Hearings,State Fair Hearings,Hispanic,50
202310,Utilization,Emergency Room Visits,Hispanic,"290,656"
202310,Utilization,Emergency Room Visits with an Inpatient Admission,Hispanic,"19,131"
202310,Utilization,Inpatient Admissions,Hispanic,"50,926"
202310,Utilization,Mild to Moderate Mental Health Visits,Hispanic,"237,764"
202310,Utilization,Outpatient Visits,Hispanic,"6,569,438"
202310,Utilization,Prescriptions,Hispanic,"4,245,580"
202310,Eligibility,Member Months,Native Hawaiian or Other Pacific Islander,"181,345"
202310,New Enrollments,New Enrollments,Native Hawaiian or Other Pacific Islander,0
202310,State Fair Hearings,State Fair Hearings,Native Hawaiian or Other Pacific Islander,4
202310,Utilization,Emergency Room Visits,Native Hawaiian or Other Pacific Islander,"5,956"
202310,Utilization,Emergency Room Visits with an Inpatient Admission,Native Hawaiian or Other Pacific Islander,737
202310,Utilization,Inpatient Admissions,Native Hawaiian or Other Pacific Islander,"2,682"
202310,Utilization,Mild to Moderate Mental Health Visits,Native Hawaiian or Other Pacific Islander,"4,454"
202310,Utilization,Outpatient Visits,Native Hawaiian or Other Pacific Islander,"205,890"
202310,Utilization,Prescriptions,Native Hawaiian or Other Pacific Islander,"145,873"
202310,Eligibility,Member Months,Other/Unknown,"2,260,773"
202310,New Enrollments,New Enrollments,Other/Unknown,0
202310,State Fair Hearings,State Fair Hearings,Other/Unknown,26
202310,Utilization,Emergency Room Visits,Other/Unknown,"95,345"
202310,Utilization,Emergency Room Visits with an Inpatient Admission,Other/Unknown,"7,272"
202310,Utilization,Inpatient Admissions,Other/Unknown,"25,612"
202310,Utilization,Mild to Moderate Mental Health Visits,Other/Unknown,"106,374"
202310,Utilization,Outpatient Visits,Other/Unknown,"2,142,410"
202310,Utilization,Prescriptions,Other/Unknown,"1,472,535"
202310,Eligibility,Member Months,White,"2,318,518"
202310,New Enrollments,New Enrollments,White,0
202310,State Fair Hearings,State Fair Hearings,White,58
202310,Utilization,Emergency Room Visits,White,"112,802"
202310,Utilization,Emergency Room Visits with an Inpatient Admission,White,"10,855"
202310,Utilization,Inpatient Admissions,White,"41,205"
202310,Utilization,Mild to Moderate Mental Health Visits,White,"169,594"
202310,Utilization,Outpatient Visits,White,"2,870,591"
202310,Utilization,Prescriptions,White,"2,087,630"
202311,Eligibility,Member Months,Asian,"1,139,799"
202311,New Enrollments,New Enrollments,Asian,0
202311,State Fair Hearings,State Fair Hearings,Asian,10
202311,Utilization,Emergency Room Visits,Asian,"19,837"
202311,Utilization,Emergency Room Visits with an Inpatient Admission,Asian,"2,486"
202311,Utilization,Inpatient Admissions,Asian,"8,175"
202311,Utilization,Mild to Moderate Mental Health Visits,Asian,"18,010"
202311,Utilization,Outpatient Visits,Asian,"1,211,415"
202311,Utilization,Prescriptions,Asian,"882,355"
202311,Eligibility,Member Months,Black or African-American,"963,121"
202311,New Enrollments,New Enrollments,Black or African-American,0
202311,State Fair Hearings,State Fair Hearings,Black or African-American,12
202311,Utilization,Emergency Room Visits,Black or African-American,"56,482"
202311,Utilization,Emergency Room Visits with an Inpatient Admission,Black or African-American,"4,589"
202311,Utilization,Inpatient Admissions,Black or African-American,"11,408"
202311,Utilization,Mild to Moderate Mental Health Visits,Black or African-American,"37,315"
202311,Utilization,Outpatient Visits,Black or African-American,"939,631"
202311,Utilization,Prescriptions,Black or African-American,"683,537"
202311,Eligibility,Member Months,Hispanic,"6,815,387"
202311,New Enrollments,New Enrollments,Hispanic,0
202311,State Fair Hearings,State Fair Hearings,Hispanic,31
202311,Utilization,Emergency Room Visits,Hispanic,"277,175"
202311,Utilization,Emergency Room Visits with an Inpatient Admission,Hispanic,"17,164"
202311,Utilization,Inpatient Admissions,Hispanic,"44,668"
202311,Utilization,Mild to Moderate Mental Health Visits,Hispanic,"204,306"
202311,Utilization,Outpatient Visits,Hispanic,"5,914,005"
202311,Utilization,Prescriptions,Hispanic,"4,188,380"
202311,Eligibility,Member Months,Native Hawaiian or Other Pacific Islander,"180,893"
202311,New Enrollments,New Enrollments,Native Hawaiian or Other Pacific Islander,0
202311,State Fair Hearings,State Fair Hearings,Native Hawaiian or Other Pacific Islander,2
202311,Utilization,Emergency Room Visits,Native Hawaiian or Other Pacific Islander,"5,297"
202311,Utilization,Emergency Room Visits with an Inpatient Admission,Native Hawaiian or Other Pacific Islander,622
202311,Utilization,Inpatient Admissions,Native Hawaiian or Other Pacific Islander,"2,320"
202311,Utilization,Mild to Moderate Mental Health Visits,Native Hawaiian or Other Pacific Islander,"3,897"
202311,Utilization,Outpatient Visits,Native Hawaiian or Other Pacific Islander,"186,054"
202311,Utilization,Prescriptions,Native Hawaiian or Other Pacific Islander,"141,070"
202311,Eligibility,Member Months,Other/Unknown,"2,239,103"
202311,New Enrollments,New Enrollments,Other/Unknown,0
202311,State Fair Hearings,State Fair Hearings,Other/Unknown,26
202311,Utilization,Emergency Room Visits,Other/Unknown,"90,849"
202311,Utilization,Emergency Room Visits with an Inpatient Admission,Other/Unknown,"6,510"
202311,Utilization,Inpatient Admissions,Other/Unknown,"22,779"
202311,Utilization,Mild to Moderate Mental Health Visits,Other/Unknown,"94,957"
202311,Utilization,Outpatient Visits,Other/Unknown,"1,919,295"
202311,Utilization,Prescriptions,Other/Unknown,"1,440,168"
202311,Eligibility,Member Months,White,"2,286,308"
202311,New Enrollments,New Enrollments,White,0
202311,State Fair Hearings,State Fair Hearings,White,39
202311,Utilization,Emergency Room Visits,White,"99,964"
202311,Utilization,Emergency Room Visits with an Inpatient Admission,White,"9,687"
202311,Utilization,Inpatient Admissions,White,"36,197"
202311,Utilization,Mild to Moderate Mental Health Visits,White,"150,184"
202311,Utilization,Outpatient Visits,White,"2,563,525"
202311,Utilization,Prescriptions,White,"2,022,880"
202312,Eligibility,Member Months,Asian,"1,125,571"
202312,New Enrollments,New Enrollments,Asian,0
202312,State Fair Hearings,State Fair Hearings,Asian,7
202312,Utilization,Emergency Room Visits,Asian,"17,748"
202312,Utilization,Emergency Room Visits with an Inpatient Admission,Asian,"1,776"
202312,Utilization,Inpatient Admissions,Asian,"6,116"
202312,Utilization,Mild to Moderate Mental Health Visits,Asian,"14,641"
202312,Utilization,Outpatient Visits,Asian,"1,044,907"
202312,Utilization,Prescriptions,Asian,"889,542"
202312,Eligibility,Member Months,Black or African-American,"953,420"
202312,New Enrollments,New Enrollments,Black or African-American,0
202312,State Fair Hearings,State Fair Hearings,Black or African-American,3
202312,Utilization,Emergency Room Visits,Black or African-American,"50,185"
202312,Utilization,Emergency Room Visits with an Inpatient Admission,Black or African-American,"3,623"
202312,Utilization,Inpatient Admissions,Black or African-American,"8,622"
202312,Utilization,Mild to Moderate Mental Health Visits,Black or African-American,"30,486"
202312,Utilization,Outpatient Visits,Black or African-American,"803,672"
202312,Utilization,Prescriptions,Black or African-American,"675,307"
202312,Eligibility,Member Months,Hispanic,"6,747,684"
202312,New Enrollments,New Enrollments,Hispanic,0
202312,State Fair Hearings,State Fair Hearings,Hispanic,37
202312,Utilization,Emergency Room Visits,Hispanic,"252,304"
202312,Utilization,Emergency Room Visits with an Inpatient Admission,Hispanic,"13,208"
202312,Utilization,Inpatient Admissions,Hispanic,"34,613"
202312,Utilization,Mild to Moderate Mental Health Visits,Hispanic,"162,133"
202312,Utilization,Outpatient Visits,Hispanic,"4,930,040"
202312,Utilization,Prescriptions,Hispanic,"4,170,069"
202312,Eligibility,Member Months,Native Hawaiian or Other Pacific Islander,"180,396"
202312,New Enrollments,New Enrollments,Native Hawaiian or Other Pacific Islander,0
202312,State Fair Hearings,State Fair Hearings,Native Hawaiian or Other Pacific Islander,2
202312,Utilization,Emergency Room Visits,Native Hawaiian or Other Pacific Islander,"4,965"
202312,Utilization,Emergency Room Visits with an Inpatient Admission,Native Hawaiian or Other Pacific Islander,443
202312,Utilization,Inpatient Admissions,Native Hawaiian or Other Pacific Islander,"1,779"
202312,Utilization,Mild to Moderate Mental Health Visits,Native Hawaiian or Other Pacific Islander,"3,003"
202312,Utilization,Outpatient Visits,Native Hawaiian or Other Pacific Islander,"155,491"
202312,Utilization,Prescriptions,Native Hawaiian or Other Pacific Islander,"141,723"
202312,Eligibility,Member Months,Other/Unknown,"2,218,031"
202312,New Enrollments,New Enrollments,Other/Unknown,0
202312,State Fair Hearings,State Fair Hearings,Other/Unknown,22
202312,Utilization,Emergency Room Visits,Other/Unknown,"81,518"
202312,Utilization,Emergency Room Visits with an Inpatient Admission,Other/Unknown,"4,792"
202312,Utilization,Inpatient Admissions,Other/Unknown,"16,328"
202312,Utilization,Mild to Moderate Mental Health Visits,Other/Unknown,"73,641"
202312,Utilization,Outpatient Visits,Other/Unknown,"1,574,179"
202312,Utilization,Prescriptions,Other/Unknown,"1,439,651"
202312,Eligibility,Member Months,White,"2,254,270"
202312,New Enrollments,New Enrollments,White,0
202312,State Fair Hearings,State Fair Hearings,White,32
202312,Utilization,Emergency Room Visits,White,"82,319"
202312,Utilization,Emergency Room Visits with an Inpatient Admission,White,"6,719"
202312,Utilization,Inpatient Admissions,White,"24,237"
202312,Utilization,Mild to Moderate Mental Health Visits,White,"108,454"
202312,Utilization,Outpatient Visits,White,"2,076,747"
202312,Utilization,Prescriptions,White,"2,011,458"
