Plan,Grading Period,Service Category,Pct Complete,Color Grade
AAH,CY 2018,Inpatient,99.54,Green
AAH,CY 2018,Outpatient and Emergency Room,98.38,Green
AAH,CY 2018,Prescription,97.47,Green
AAH,CY 2018,Professional,95.31,Green
AAH,CY 2019,Inpatient,96.13,Green
AAH,CY 2019,Outpatient and Emergency Room,93.38,Green
AAH,CY 2019,Prescription,99.51,Green
AAH,CY 2019,Professional,102.26,Green
AAH,CY 2021,Inpatient,99.49,Green
AAH,CY 2021,Outpatient and Emergency Room,103.13,Green
AAH,CY 2021,Prescription,99.5,Green
AAH,CY 2021,Professional,102.96,Green
AAH,CY 2022,Inpatient,96.62,Green
AAH,CY 2022,Outpatient and Emergency Room,99.47,Green
AAH,CY 2022,Professional,98.95,Green
AAH,Jul19-Feb,Inpatient,96.38,Green
AAH,Jul19-Feb,Outpatient and Emergency Room,96.99,Green
AAH,Jul19-Feb,Prescription,101.66,Green
AAH,Jul19-Feb,Professional,97.95,Green
AAH,SFY 17-18,Inpatient,98.14,Green
AAH,SFY 17-18,Outpatient and Emergency Room,99.79,Green
AAH,SFY 17-18,Prescription,95.62,Green
AAH,SFY 17-18,Professional,94.06,Green
AAH,SFY 18-19,Inpatient,97.84,Green
AAH,SFY 18-19,Outpatient and Emergency Room,90.88,Green
AAH,SFY 18-19,Prescription,98.84,Green
AAH,SFY 18-19,Professional,102.11,Green
AAH,SFY 20-21,Inpatient,99.6,Green
AAH,SFY 20-21,Outpatient and Emergency Room,96.92,Green
AAH,SFY 20-21,Prescription,101.95,Green
AAH,SFY 20-21,Professional,100.88,Green
AAH,SFY 21-22,Inpatient,97.49,Green
AAH,SFY 21-22,Outpatient and Emergency Room,98.53,Green
AAH,SFY 21-22,Prescription,98.54,Green
AAH,SFY 21-22,Professional,100.28,Green
Aetna,CY 2019,Inpatient,102.57,Green
Aetna,CY 2019,Outpatient and Emergency Room,75.63,Yellow
Aetna,CY 2019,Prescription,100.49,Green
Aetna,CY 2019,Professional,73.77,Yellow
Aetna,CY 2021,Inpatient,97.52,Green
Aetna,CY 2021,Outpatient and Emergency Room,92.29,Green
Aetna,CY 2021,Prescription,90.49,Green
Aetna,CY 2021,Professional,98.16,Green
Aetna,CY 2022,Inpatient,98.6,Green
Aetna,CY 2022,Outpatient and Emergency Room,83.49,Yellow
Aetna,CY 2022,Professional,91.6,Green
Aetna,Jul19-Feb,Inpatient,108.79,Green
Aetna,Jul19-Feb,Outpatient and Emergency Room,79.83,Yellow
Aetna,Jul19-Feb,Prescription,103.16,Green
Aetna,Jul19-Feb,Professional,102.9,Green
Aetna,SFY 20-21,Inpatient,94.74,Green
Aetna,SFY 20-21,Outpatient and Emergency Room,86.74,Yellow
Aetna,SFY 20-21,Prescription,97.94,Green
Aetna,SFY 20-21,Professional,96.11,Green
Aetna,SFY 21-22,Inpatient,98.25,Green
Aetna,SFY 21-22,Outpatient and Emergency Room,78.58,Yellow
Aetna,SFY 21-22,Prescription,99.29,Green
Aetna,SFY 21-22,Professional,85.55,Yellow
AHF,CY 2021,Inpatient,102.22,Green
AHF,CY 2021,Outpatient and Emergency Room,85.13,Yellow
AHF,CY 2021,Prescription,99.52,Green
AHF,CY 2021,Professional,116.69,Yellow
AHF,CY 2022,Inpatient,90.95,Green
AHF,CY 2022,Outpatient and Emergency Room,101.63,Green
AHF,CY 2022,Professional,98.23,Green
AHF,Jul19-Feb,Inpatient,121.7,Yellow
AHF,Jul19-Feb,Outpatient and Emergency Room,93.51,Green
AHF,Jul19-Feb,Prescription,108.46,Green
AHF,Jul19-Feb,Professional,136.51,Yellow
AHF,SFY 20-21,Inpatient,65.33,Red
AHF,SFY 20-21,Outpatient and Emergency Room,73.62,Yellow
AHF,SFY 20-21,Prescription,85.14,Yellow
AHF,SFY 20-21,Professional,90.72,Green
AHF,SFY 21-22,Inpatient,98.69,Green
AHF,SFY 21-22,Outpatient and Emergency Room,93.97,Green
AHF,SFY 21-22,Prescription,100.1,Green
AHF,SFY 21-22,Professional,86.52,Yellow
Anthem,CY 2018,Inpatient,102.28,Green
Anthem,CY 2018,Outpatient and Emergency Room,96.89,Green
Anthem,CY 2018,Prescription,99.57,Green
Anthem,CY 2018,Professional,62.91,Red
Anthem,CY 2019,Inpatient,97.22,Green
Anthem,CY 2019,Outpatient and Emergency Room,93.93,Green
Anthem,CY 2019,Prescription,102.2,Green
Anthem,CY 2019,Professional,96.34,Green
Anthem,CY 2021,Inpatient,97.77,Green
Anthem,CY 2021,Outpatient and Emergency Room,95.1,Green
Anthem,CY 2021,Prescription,99.58,Green
Anthem,CY 2021,Professional,95.24,Green
Anthem,CY 2022,Inpatient,92.56,Green
Anthem,CY 2022,Outpatient and Emergency Room,91.49,Green
Anthem,CY 2022,Professional,93.51,Green
Anthem,Jul19-Feb,Inpatient,96.56,Green
Anthem,Jul19-Feb,Outpatient and Emergency Room,93.72,Green
Anthem,Jul19-Feb,Prescription,100.3,Green
Anthem,Jul19-Feb,Professional,98.75,Green
Anthem,SFY 17-18,Inpatient,97.36,Green
Anthem,SFY 17-18,Outpatient and Emergency Room,96.29,Green
Anthem,SFY 17-18,Prescription,97.97,Green
Anthem,SFY 17-18,Professional,54.86,Red
Anthem,SFY 18-19,Inpatient,100.1,Green
Anthem,SFY 18-19,Outpatient and Emergency Room,92.89,Green
Anthem,SFY 18-19,Prescription,99.78,Green
Anthem,SFY 18-19,Professional,96.82,Green
Anthem,SFY 20-21,Inpatient,82.48,Yellow
Anthem,SFY 20-21,Outpatient and Emergency Room,88.94,Yellow
Anthem,SFY 20-21,Prescription,98.31,Green
Anthem,SFY 20-21,Professional,93.41,Green
Anthem,SFY 21-22,Inpatient,96.73,Green
Anthem,SFY 21-22,Outpatient and Emergency Room,91.77,Green
Anthem,SFY 21-22,Prescription,100.1,Green
Anthem,SFY 21-22,Professional,92.65,Green
Blue Shield,CY 2018,Inpatient,101.49,Green
Blue Shield,CY 2018,Outpatient and Emergency Room,107.04,Green
Blue Shield,CY 2018,Prescription,98.5,Green
Blue Shield,CY 2018,Professional,85.69,Yellow
Blue Shield,CY 2019,Inpatient,103.48,Green
Blue Shield,CY 2019,Outpatient and Emergency Room,103.17,Green
Blue Shield,CY 2019,Prescription,98.81,Green
Blue Shield,CY 2019,Professional,92.42,Green
Blue Shield,CY 2021,Inpatient,95.41,Green
Blue Shield,CY 2021,Outpatient and Emergency Room,95.15,Green
Blue Shield,CY 2021,Prescription,101.29,Green
Blue Shield,CY 2021,Professional,98.55,Green
Blue Shield,CY 2022,Inpatient,105.53,Green
Blue Shield,CY 2022,Outpatient and Emergency Room,89.96,Yellow
Blue Shield,CY 2022,Professional,103.89,Green
Blue Shield,Jul19-Feb,Inpatient,94.8,Green
Blue Shield,Jul19-Feb,Outpatient and Emergency Room,96.6,Green
Blue Shield,Jul19-Feb,Prescription,99.89,Green
Blue Shield,Jul19-Feb,Professional,98.66,Green
Blue Shield,SFY 17-18,Inpatient,86.74,Yellow
Blue Shield,SFY 17-18,Outpatient and Emergency Room,104.92,Green
Blue Shield,SFY 17-18,Prescription,95.97,Green
Blue Shield,SFY 17-18,Professional,82.66,Yellow
Blue Shield,SFY 18-19,Inpatient,99.72,Green
Blue Shield,SFY 18-19,Outpatient and Emergency Room,101.17,Green
Blue Shield,SFY 18-19,Prescription,99.59,Green
Blue Shield,SFY 18-19,Professional,89.77,Yellow
Blue Shield,SFY 20-21,Inpatient,93.3,Green
Blue Shield,SFY 20-21,Outpatient and Emergency Room,88.29,Yellow
Blue Shield,SFY 20-21,Prescription,96.16,Green
Blue Shield,SFY 20-21,Professional,104.43,Green
Blue Shield,SFY 21-22,Inpatient,92.92,Green
Blue Shield,SFY 21-22,Outpatient and Emergency Room,89.26,Yellow
Blue Shield,SFY 21-22,Prescription,98.5,Green
Blue Shield,SFY 21-22,Professional,104.38,Green
CalOptima,CY 2018,Inpatient,95.38,Green
CalOptima,CY 2018,Outpatient and Emergency Room,90.41,Green
CalOptima,CY 2018,Prescription,100.51,Green
CalOptima,CY 2018,Professional,84.95,Yellow
CalOptima,CY 2019,Inpatient,81.39,Yellow
CalOptima,CY 2019,Outpatient and Emergency Room,105.1,Green
CalOptima,CY 2019,Prescription,103.91,Green
CalOptima,CY 2019,Professional,101.09,Green
CalOptima,CY 2021,Inpatient,85.71,Yellow
CalOptima,CY 2021,Outpatient and Emergency Room,116.84,Yellow
CalOptima,CY 2021,Prescription,101.4,Green
CalOptima,CY 2021,Professional,97.59,Green
CalOptima,CY 2022,Inpatient,83.09,Yellow
CalOptima,CY 2022,Outpatient and Emergency Room,96.04,Green
CalOptima,CY 2022,Professional,106.28,Green
CalOptima,Jul19-Feb,Inpatient,88.96,Yellow
CalOptima,Jul19-Feb,Outpatient and Emergency Room,95.15,Green
CalOptima,Jul19-Feb,Prescription,102.62,Green
CalOptima,Jul19-Feb,Professional,103.31,Green
CalOptima,SFY 17-18,Inpatient,99.6,Green
CalOptima,SFY 17-18,Outpatient and Emergency Room,107.83,Green
CalOptima,SFY 17-18,Prescription,100.0,Green
CalOptima,SFY 17-18,Professional,84.97,Yellow
CalOptima,SFY 18-19,Inpatient,87.87,Yellow
CalOptima,SFY 18-19,Outpatient and Emergency Room,105.89,Green
CalOptima,SFY 18-19,Prescription,101.68,Green
CalOptima,SFY 18-19,Professional,103.12,Green
CalOptima,SFY 20-21,Inpatient,72.67,Yellow
CalOptima,SFY 20-21,Outpatient and Emergency Room,118.38,Yellow
CalOptima,SFY 20-21,Prescription,102.01,Green
CalOptima,SFY 20-21,Professional,108.62,Green
CalOptima,SFY 21-22,Inpatient,81.17,Yellow
CalOptima,SFY 21-22,Outpatient and Emergency Room,115.67,Yellow
CalOptima,SFY 21-22,Prescription,100.78,Green
CalOptima,SFY 21-22,Professional,101.35,Green
CalViva,CY 2018,Inpatient,100.15,Green
CalViva,CY 2018,Outpatient and Emergency Room,101.16,Green
CalViva,CY 2018,Prescription,104.01,Green
CalViva,CY 2018,Professional,96.32,Green
CalViva,CY 2019,Inpatient,98.31,Green
CalViva,CY 2019,Outpatient and Emergency Room,101.88,Green
CalViva,CY 2019,Prescription,105.23,Green
CalViva,CY 2019,Professional,111.03,Yellow
CalViva,CY 2021,Inpatient,100.92,Green
CalViva,CY 2021,Outpatient and Emergency Room,103.22,Green
CalViva,CY 2021,Prescription,101.62,Green
CalViva,CY 2021,Professional,98.17,Green
CalViva,CY 2022,Inpatient,99.64,Green
CalViva,CY 2022,Outpatient and Emergency Room,100.43,Green
CalViva,CY 2022,Professional,100.14,Green
CalViva,Jul19-Feb,Inpatient,97.73,Green
CalViva,Jul19-Feb,Outpatient and Emergency Room,103.66,Green
CalViva,Jul19-Feb,Prescription,104.54,Green
CalViva,Jul19-Feb,Professional,103.39,Green
CalViva,SFY 17-18,Inpatient,97.24,Green
CalViva,SFY 17-18,Outpatient and Emergency Room,113.79,Yellow
CalViva,SFY 17-18,Prescription,104.09,Green
CalViva,SFY 17-18,Professional,84.59,Yellow
CalViva,SFY 18-19,Inpatient,98.03,Green
CalViva,SFY 18-19,Outpatient and Emergency Room,101.06,Green
CalViva,SFY 18-19,Prescription,103.56,Green
CalViva,SFY 18-19,Professional,110.06,Yellow
CalViva,SFY 20-21,Inpatient,102.77,Green
CalViva,SFY 20-21,Outpatient and Emergency Room,102.94,Green
CalViva,SFY 20-21,Prescription,104.85,Green
CalViva,SFY 20-21,Professional,99.33,Green
CalViva,SFY 21-22,Inpatient,101.07,Green
CalViva,SFY 21-22,Outpatient and Emergency Room,100.15,Green
CalViva,SFY 21-22,Prescription,101.29,Green
CalViva,SFY 21-22,Professional,98.89,Green
CCAH,CY 2018,Inpatient,113.95,Yellow
CCAH,CY 2018,Outpatient and Emergency Room,94.25,Green
CCAH,CY 2018,Prescription,98.49,Green
CCAH,CY 2018,Professional,96.95,Green
CCAH,CY 2019,Inpatient,107.13,Green
CCAH,CY 2019,Outpatient and Emergency Room,83.53,Yellow
CCAH,CY 2019,Prescription,102.32,Green
CCAH,CY 2019,Professional,97.64,Green
CCAH,CY 2021,Inpatient,104.1,Green
CCAH,CY 2021,Outpatient and Emergency Room,94.23,Green
CCAH,CY 2021,Prescription,99.75,Green
CCAH,CY 2021,Professional,98.34,Green
CCAH,CY 2022,Inpatient,100.34,Green
CCAH,CY 2022,Outpatient and Emergency Room,90.24,Green
CCAH,CY 2022,Professional,100.2,Green
CCAH,Jul19-Feb,Inpatient,104.88,Green
CCAH,Jul19-Feb,Outpatient and Emergency Room,85.81,Yellow
CCAH,Jul19-Feb,Prescription,102.64,Green
CCAH,Jul19-Feb,Professional,96.83,Green
CCAH,SFY 17-18,Inpatient,110.08,Yellow
CCAH,SFY 17-18,Outpatient and Emergency Room,92.12,Green
CCAH,SFY 17-18,Prescription,95.7,Green
CCAH,SFY 17-18,Professional,92.88,Green
CCAH,SFY 18-19,Inpatient,110.08,Yellow
CCAH,SFY 18-19,Outpatient and Emergency Room,82.49,Yellow
CCAH,SFY 18-19,Prescription,100.72,Green
CCAH,SFY 18-19,Professional,97.88,Green
CCAH,SFY 20-21,Inpatient,105.24,Green
CCAH,SFY 20-21,Outpatient and Emergency Room,92.02,Green
CCAH,SFY 20-21,Prescription,96.74,Green
CCAH,SFY 20-21,Professional,98.92,Green
CCAH,SFY 21-22,Inpatient,99.53,Green
CCAH,SFY 21-22,Outpatient and Emergency Room,92.12,Green
CCAH,SFY 21-22,Prescription,101.93,Green
CCAH,SFY 21-22,Professional,100.0,Green
CCHP,CY 2018,Inpatient,100.8,Green
CCHP,CY 2018,Outpatient and Emergency Room,91.14,Green
CCHP,CY 2018,Prescription,104.54,Green
CCHP,CY 2018,Professional,101.2,Green
CCHP,CY 2019,Inpatient,96.1,Green
CCHP,CY 2019,Outpatient and Emergency Room,102.16,Green
CCHP,CY 2019,Prescription,102.44,Green
CCHP,CY 2019,Professional,105.17,Green
CCHP,CY 2021,Inpatient,100.14,Green
CCHP,CY 2021,Outpatient and Emergency Room,99.3,Green
CCHP,CY 2021,Prescription,99.63,Green
CCHP,CY 2021,Professional,106.01,Green
CCHP,CY 2022,Inpatient,88.87,Yellow
CCHP,CY 2022,Outpatient and Emergency Room,99.71,Green
CCHP,CY 2022,Professional,103.04,Green
CCHP,Jul19-Feb,Inpatient,100.19,Green
CCHP,Jul19-Feb,Outpatient and Emergency Room,100.25,Green
CCHP,Jul19-Feb,Prescription,101.65,Green
CCHP,Jul19-Feb,Professional,102.5,Green
CCHP,SFY 17-18,Inpatient,101.88,Green
CCHP,SFY 17-18,Outpatient and Emergency Room,167.94,Yellow
CCHP,SFY 17-18,Prescription,104.32,Green
CCHP,SFY 17-18,Professional,94.98,Green
CCHP,SFY 18-19,Inpatient,98.28,Green
CCHP,SFY 18-19,Outpatient and Emergency Room,95.67,Green
CCHP,SFY 18-19,Prescription,103.01,Green
CCHP,SFY 18-19,Professional,103.36,Green
CCHP,SFY 20-21,Inpatient,96.42,Green
CCHP,SFY 20-21,Outpatient and Emergency Room,100.24,Green
CCHP,SFY 20-21,Prescription,95.76,Green
CCHP,SFY 20-21,Professional,104.96,Green
CCHP,SFY 21-22,Inpatient,90.11,Green
CCHP,SFY 21-22,Outpatient and Emergency Room,99.44,Green
CCHP,SFY 21-22,Prescription,99.08,Green
CCHP,SFY 21-22,Professional,101.69,Green
CenCal,CY 2018,Inpatient,103.49,Green
CenCal,CY 2018,Outpatient and Emergency Room,96.5,Green
CenCal,CY 2018,Prescription,103.47,Green
CenCal,CY 2018,Professional,97.26,Green
CenCal,CY 2019,Inpatient,103.79,Green
CenCal,CY 2019,Outpatient and Emergency Room,98.8,Green
CenCal,CY 2019,Prescription,105.83,Green
CenCal,CY 2019,Professional,102.65,Green
CenCal,CY 2021,Inpatient,101.21,Green
CenCal,CY 2021,Outpatient and Emergency Room,96.07,Green
CenCal,CY 2021,Prescription,98.9,Green
CenCal,CY 2021,Professional,105.48,Green
CenCal,CY 2022,Inpatient,97.3,Green
CenCal,CY 2022,Outpatient and Emergency Room,97.61,Green
CenCal,CY 2022,Professional,101.44,Green
CenCal,Jul19-Feb,Inpatient,102.2,Green
CenCal,Jul19-Feb,Outpatient and Emergency Room,98.08,Green
CenCal,Jul19-Feb,Prescription,104.52,Green
CenCal,Jul19-Feb,Professional,102.18,Green
CenCal,SFY 17-18,Inpatient,102.45,Green
CenCal,SFY 17-18,Outpatient and Emergency Room,96.42,Green
CenCal,SFY 17-18,Prescription,102.86,Green
CenCal,SFY 17-18,Professional,96.89,Green
CenCal,SFY 18-19,Inpatient,100.06,Green
CenCal,SFY 18-19,Outpatient and Emergency Room,98.3,Green
CenCal,SFY 18-19,Prescription,103.17,Green
CenCal,SFY 18-19,Professional,101.55,Green
CenCal,SFY 20-21,Inpatient,102.04,Green
CenCal,SFY 20-21,Outpatient and Emergency Room,101.78,Green
CenCal,SFY 20-21,Prescription,100.32,Green
CenCal,SFY 20-21,Professional,101.02,Green
CenCal,SFY 21-22,Inpatient,99.55,Green
CenCal,SFY 21-22,Outpatient and Emergency Room,97.28,Green
CenCal,SFY 21-22,Prescription,101.13,Green
CenCal,SFY 21-22,Professional,102.49,Green
CH&W,CY 2018,Inpatient,105.69,Green
CH&W,CY 2018,Outpatient and Emergency Room,107.39,Green
CH&W,CY 2018,Prescription,100.74,Green
CH&W,CY 2018,Professional,98.83,Green
CH&W,CY 2019,Inpatient,97.93,Green
CH&W,CY 2019,Outpatient and Emergency Room,93.35,Green
CH&W,CY 2019,Prescription,99.22,Green
CH&W,CY 2019,Professional,100.13,Green
CH&W,CY 2021,Inpatient,98.25,Green
CH&W,CY 2021,Outpatient and Emergency Room,103.62,Green
CH&W,CY 2021,Prescription,101.19,Green
CH&W,CY 2021,Professional,101.38,Green
CH&W,CY 2022,Inpatient,100.42,Green
CH&W,CY 2022,Outpatient and Emergency Room,101.49,Green
CH&W,CY 2022,Professional,119.87,Yellow
CH&W,Jul19-Feb,Inpatient,101.0,Green
CH&W,Jul19-Feb,Outpatient and Emergency Room,99.75,Green
CH&W,Jul19-Feb,Prescription,98.83,Green
CH&W,Jul19-Feb,Professional,101.78,Green
CH&W,SFY 17-18,Inpatient,102.21,Green
CH&W,SFY 17-18,Outpatient and Emergency Room,105.24,Green
CH&W,SFY 17-18,Prescription,101.6,Green
CH&W,SFY 17-18,Professional,98.9,Green
CH&W,SFY 18-19,Inpatient,103.14,Green
CH&W,SFY 18-19,Outpatient and Emergency Room,96.27,Green
CH&W,SFY 18-19,Prescription,99.35,Green
CH&W,SFY 18-19,Professional,101.01,Green
CH&W,SFY 20-21,Inpatient,99.34,Green
CH&W,SFY 20-21,Outpatient and Emergency Room,101.93,Green
CH&W,SFY 20-21,Prescription,99.94,Green
CH&W,SFY 20-21,Professional,99.38,Green
CH&W,SFY 21-22,Inpatient,96.25,Green
CH&W,SFY 21-22,Outpatient and Emergency Room,101.45,Green
CH&W,SFY 21-22,Prescription,99.31,Green
CH&W,SFY 21-22,Professional,99.91,Green
CHG,CY 2018,Inpatient,94.98,Green
CHG,CY 2018,Outpatient and Emergency Room,99.94,Green
CHG,CY 2018,Prescription,108.91,Green
CHG,CY 2018,Professional,94.0,Green
CHG,CY 2019,Inpatient,86.88,Yellow
CHG,CY 2019,Outpatient and Emergency Room,99.66,Green
CHG,CY 2019,Prescription,103.55,Green
CHG,CY 2019,Professional,97.04,Green
CHG,CY 2021,Inpatient,103.4,Green
CHG,CY 2021,Outpatient and Emergency Room,104.57,Green
CHG,CY 2021,Prescription,97.18,Green
CHG,CY 2021,Professional,97.84,Green
CHG,CY 2022,Inpatient,99.07,Green
CHG,CY 2022,Outpatient and Emergency Room,100.24,Green
CHG,CY 2022,Professional,101.88,Green
CHG,Jul19-Feb,Inpatient,91.19,Green
CHG,Jul19-Feb,Outpatient and Emergency Room,95.46,Green
CHG,Jul19-Feb,Prescription,102.03,Green
CHG,Jul19-Feb,Professional,97.86,Green
CHG,SFY 17-18,Inpatient,93.87,Green
CHG,SFY 17-18,Outpatient and Emergency Room,98.13,Green
CHG,SFY 17-18,Prescription,102.95,Green
CHG,SFY 17-18,Professional,92.34,Green
CHG,SFY 18-19,Inpatient,94.24,Green
CHG,SFY 18-19,Outpatient and Emergency Room,95.15,Green
CHG,SFY 18-19,Prescription,102.54,Green
CHG,SFY 18-19,Professional,97.8,Green
CHG,SFY 20-21,Inpatient,102.56,Green
CHG,SFY 20-21,Outpatient and Emergency Room,100.05,Green
CHG,SFY 20-21,Prescription,99.13,Green
CHG,SFY 20-21,Professional,93.39,Green
CHG,SFY 21-22,Inpatient,100.5,Green
CHG,SFY 21-22,Outpatient and Emergency Room,100.81,Green
CHG,SFY 21-22,Prescription,99.78,Green
CHG,SFY 21-22,Professional,99.22,Green
GCHP,CY 2018,Inpatient,99.28,Green
GCHP,CY 2018,Outpatient and Emergency Room,107.47,Green
GCHP,CY 2018,Prescription,103.83,Green
GCHP,CY 2018,Professional,100.29,Green
GCHP,CY 2019,Inpatient,97.5,Green
GCHP,CY 2019,Outpatient and Emergency Room,96.67,Green
GCHP,CY 2019,Prescription,104.04,Green
GCHP,CY 2019,Professional,108.8,Green
GCHP,CY 2021,Inpatient,98.99,Green
GCHP,CY 2021,Outpatient and Emergency Room,71.54,Yellow
GCHP,CY 2021,Prescription,101.23,Green
GCHP,CY 2021,Professional,108.81,Green
GCHP,CY 2022,Inpatient,91.54,Green
GCHP,CY 2022,Outpatient and Emergency Room,77.17,Yellow
GCHP,CY 2022,Professional,102.83,Green
GCHP,Jul19-Feb,Inpatient,99.02,Green
GCHP,Jul19-Feb,Outpatient and Emergency Room,96.98,Green
GCHP,Jul19-Feb,Prescription,100.12,Green
GCHP,Jul19-Feb,Professional,107.32,Green
GCHP,SFY 17-18,Inpatient,98.74,Green
GCHP,SFY 17-18,Outpatient and Emergency Room,106.88,Green
GCHP,SFY 17-18,Prescription,105.13,Green
GCHP,SFY 17-18,Professional,91.2,Green
GCHP,SFY 18-19,Inpatient,95.71,Green
GCHP,SFY 18-19,Outpatient and Emergency Room,97.66,Green
GCHP,SFY 18-19,Prescription,103.15,Green
GCHP,SFY 18-19,Professional,104.76,Green
GCHP,SFY 20-21,Inpatient,94.69,Green
GCHP,SFY 20-21,Outpatient and Emergency Room,69.75,Red
GCHP,SFY 20-21,Prescription,100.32,Green
GCHP,SFY 20-21,Professional,111.59,Yellow
GCHP,SFY 21-22,Inpatient,94.08,Green
GCHP,SFY 21-22,Outpatient and Emergency Room,75.28,Yellow
GCHP,SFY 21-22,Prescription,102.13,Green
GCHP,SFY 21-22,Professional,99.35,Green
Health Net,CY 2018,Inpatient,97.87,Green
Health Net,CY 2018,Outpatient and Emergency Room,100.98,Green
Health Net,CY 2018,Prescription,101.58,Green
Health Net,CY 2018,Professional,67.14,Red
Health Net,CY 2019,Inpatient,96.89,Green
Health Net,CY 2019,Outpatient and Emergency Room,88.26,Yellow
Health Net,CY 2019,Prescription,103.55,Green
Health Net,CY 2019,Professional,100.11,Green
Health Net,CY 2021,Inpatient,99.84,Green
Health Net,CY 2021,Outpatient and Emergency Room,96.81,Green
Health Net,CY 2021,Prescription,101.07,Green
Health Net,CY 2021,Professional,99.85,Green
Health Net,CY 2022,Inpatient,94.1,Green
Health Net,CY 2022,Outpatient and Emergency Room,97.25,Green
Health Net,CY 2022,Professional,99.51,Green
Health Net,Jul19-Feb,Inpatient,97.43,Green
Health Net,Jul19-Feb,Outpatient and Emergency Room,89.93,Yellow
Health Net,Jul19-Feb,Prescription,101.53,Green
Health Net,Jul19-Feb,Professional,100.24,Green
Health Net,SFY 17-18,Inpatient,93.99,Green
Health Net,SFY 17-18,Outpatient and Emergency Room,95.61,Green
Health Net,SFY 17-18,Prescription,102.65,Green
Health Net,SFY 17-18,Professional,50.49,Red
Health Net,SFY 18-19,Inpatient,99.74,Green
Health Net,SFY 18-19,Outpatient and Emergency Room,89.17,Yellow
Health Net,SFY 18-19,Prescription,102.59,Green
Health Net,SFY 18-19,Professional,103.7,Green
Health Net,SFY 20-21,Inpatient,98.79,Green
Health Net,SFY 20-21,Outpatient and Emergency Room,92.94,Green
Health Net,SFY 20-21,Prescription,100.93,Green
Health Net,SFY 20-21,Professional,102.78,Green
Health Net,SFY 21-22,Inpatient,94.59,Green
Health Net,SFY 21-22,Outpatient and Emergency Room,95.89,Green
Health Net,SFY 21-22,Prescription,102.48,Green
Health Net,SFY 21-22,Professional,101.07,Green
HPSJ,CY 2018,Inpatient,99.39,Green
HPSJ,CY 2018,Outpatient and Emergency Room,112.62,Yellow
HPSJ,CY 2018,Prescription,101.05,Green
HPSJ,CY 2018,Professional,94.39,Green
HPSJ,CY 2019,Inpatient,100.98,Green
HPSJ,CY 2019,Outpatient and Emergency Room,101.87,Green
HPSJ,CY 2019,Prescription,101.07,Green
HPSJ,CY 2019,Professional,106.7,Green
HPSJ,CY 2021,Inpatient,102.73,Green
HPSJ,CY 2021,Outpatient and Emergency Room,101.9,Green
HPSJ,CY 2021,Prescription,98.17,Green
HPSJ,CY 2021,Professional,101.43,Green
HPSJ,CY 2022,Inpatient,96.56,Green
HPSJ,CY 2022,Outpatient and Emergency Room,99.53,Green
HPSJ,CY 2022,Professional,100.94,Green
HPSJ,Jul19-Feb,Inpatient,100.86,Green
HPSJ,Jul19-Feb,Outpatient and Emergency Room,97.71,Green
HPSJ,Jul19-Feb,Prescription,101.59,Green
HPSJ,Jul19-Feb,Professional,102.66,Green
HPSJ,SFY 17-18,Inpatient,99.53,Green
HPSJ,SFY 17-18,Outpatient and Emergency Room,114.75,Yellow
HPSJ,SFY 17-18,Prescription,100.89,Green
HPSJ,SFY 17-18,Professional,94.47,Green
HPSJ,SFY 18-19,Inpatient,103.22,Green
HPSJ,SFY 18-19,Outpatient and Emergency Room,103.02,Green
HPSJ,SFY 18-19,Prescription,99.66,Green
HPSJ,SFY 18-19,Professional,104.76,Green
HPSJ,SFY 20-21,Inpatient,103.94,Green
HPSJ,SFY 20-21,Outpatient and Emergency Room,99.8,Green
HPSJ,SFY 20-21,Prescription,100.29,Green
HPSJ,SFY 20-21,Professional,102.47,Green
HPSJ,SFY 21-22,Inpatient,98.2,Green
HPSJ,SFY 21-22,Outpatient and Emergency Room,100.45,Green
HPSJ,SFY 21-22,Prescription,100.34,Green
HPSJ,SFY 21-22,Professional,101.17,Green
HPSM,CY 2018,Inpatient,105.31,Green
HPSM,CY 2018,Outpatient and Emergency Room,159.15,Yellow
HPSM,CY 2018,Prescription,99.95,Green
HPSM,CY 2018,Professional,77.41,Yellow
HPSM,CY 2019,Inpatient,99.18,Green
HPSM,CY 2019,Outpatient and Emergency Room,167.75,Yellow
HPSM,CY 2019,Prescription,101.2,Green
HPSM,CY 2019,Professional,92.4,Green
HPSM,CY 2021,Inpatient,91.98,Green
HPSM,CY 2021,Outpatient and Emergency Room,134.71,Yellow
HPSM,CY 2021,Prescription,99.41,Green
HPSM,CY 2021,Professional,94.56,Green
HPSM,CY 2022,Inpatient,89.04,Yellow
HPSM,CY 2022,Outpatient and Emergency Room,128.25,Yellow
HPSM,CY 2022,Professional,98.25,Green
HPSM,Jul19-Feb,Inpatient,92.22,Green
HPSM,Jul19-Feb,Outpatient and Emergency Room,157.93,Yellow
HPSM,Jul19-Feb,Prescription,102.72,Green
HPSM,Jul19-Feb,Professional,89.17,Yellow
HPSM,SFY 17-18,Inpatient,102.47,Green
HPSM,SFY 17-18,Outpatient and Emergency Room,123.61,Yellow
HPSM,SFY 17-18,Prescription,100.16,Green
HPSM,SFY 17-18,Professional,80.07,Yellow
HPSM,SFY 18-19,Inpatient,109.67,Green
HPSM,SFY 18-19,Outpatient and Emergency Room,163.01,Yellow
HPSM,SFY 18-19,Prescription,101.02,Green
HPSM,SFY 18-19,Professional,90.75,Green
HPSM,SFY 20-21,Inpatient,94.23,Green
HPSM,SFY 20-21,Outpatient and Emergency Room,138.85,Yellow
HPSM,SFY 20-21,Prescription,103.87,Green
HPSM,SFY 20-21,Professional,94.7,Green
HPSM,SFY 21-22,Inpatient,89.98,Yellow
HPSM,SFY 21-22,Outpatient and Emergency Room,128.78,Yellow
HPSM,SFY 21-22,Prescription,102.23,Green
HPSM,SFY 21-22,Professional,98.29,Green
IEHP,CY 2018,Inpatient,101.12,Green
IEHP,CY 2018,Outpatient and Emergency Room,121.45,Yellow
IEHP,CY 2018,Prescription,98.31,Green
IEHP,CY 2018,Professional,88.58,Yellow
IEHP,CY 2019,Inpatient,97.65,Green
IEHP,CY 2019,Outpatient and Emergency Room,100.44,Green
IEHP,CY 2019,Prescription,98.91,Green
IEHP,CY 2019,Professional,107.31,Green
IEHP,CY 2021,Inpatient,100.47,Green
IEHP,CY 2021,Outpatient and Emergency Room,100.79,Green
IEHP,CY 2021,Prescription,101.96,Green
IEHP,CY 2021,Professional,99.76,Green
IEHP,CY 2022,Inpatient,100.42,Green
IEHP,CY 2022,Outpatient and Emergency Room,99.71,Green
IEHP,CY 2022,Professional,100.05,Green
IEHP,Jul19-Feb,Inpatient,97.48,Green
IEHP,Jul19-Feb,Outpatient and Emergency Room,98.6,Green
IEHP,Jul19-Feb,Prescription,99.81,Green
IEHP,Jul19-Feb,Professional,105.78,Green
IEHP,SFY 17-18,Inpatient,87.85,Yellow
IEHP,SFY 17-18,Outpatient and Emergency Room,106.11,Green
IEHP,SFY 17-18,Prescription,101.74,Green
IEHP,SFY 17-18,Professional,77.66,Yellow
IEHP,SFY 18-19,Inpatient,99.49,Green
IEHP,SFY 18-19,Outpatient and Emergency Room,99.5,Green
IEHP,SFY 18-19,Prescription,97.11,Green
IEHP,SFY 18-19,Professional,105.48,Green
IEHP,SFY 20-21,Inpatient,100.95,Green
IEHP,SFY 20-21,Outpatient and Emergency Room,100.7,Green
IEHP,SFY 20-21,Prescription,98.14,Green
IEHP,SFY 20-21,Professional,102.45,Green
IEHP,SFY 21-22,Inpatient,99.68,Green
IEHP,SFY 21-22,Outpatient and Emergency Room,99.08,Green
IEHP,SFY 21-22,Prescription,97.76,Green
IEHP,SFY 21-22,Professional,100.24,Green
Kaiser,CY 2018,Inpatient,100.9,Green
Kaiser,CY 2018,Outpatient and Emergency Room,98.26,Green
Kaiser,CY 2018,Prescription,99.76,Green
Kaiser,CY 2018,Professional,104.98,Green
Kaiser,CY 2019,Inpatient,99.19,Green
Kaiser,CY 2019,Outpatient and Emergency Room,105.19,Green
Kaiser,CY 2019,Prescription,102.22,Green
Kaiser,CY 2019,Professional,102.19,Green
Kaiser,CY 2021,Inpatient,105.4,Green
Kaiser,CY 2021,Outpatient and Emergency Room,107.12,Green
Kaiser,CY 2021,Prescription,105.82,Green
Kaiser,CY 2021,Professional,102.81,Green
Kaiser,CY 2022,Inpatient,105.27,Green
Kaiser,CY 2022,Outpatient and Emergency Room,98.46,Green
Kaiser,CY 2022,Professional,105.12,Green
Kaiser,Jul19-Feb,Inpatient,112.81,Yellow
Kaiser,Jul19-Feb,Outpatient and Emergency Room,102.39,Green
Kaiser,Jul19-Feb,Prescription,99.91,Green
Kaiser,Jul19-Feb,Professional,104.09,Green
Kaiser,SFY 17-18,Inpatient,101.42,Green
Kaiser,SFY 17-18,Outpatient and Emergency Room,93.61,Green
Kaiser,SFY 17-18,Prescription,98.3,Green
Kaiser,SFY 17-18,Professional,83.23,Yellow
Kaiser,SFY 18-19,Inpatient,111.26,Yellow
Kaiser,SFY 18-19,Outpatient and Emergency Room,103.87,Green
Kaiser,SFY 18-19,Prescription,101.02,Green
Kaiser,SFY 18-19,Professional,104.25,Green
Kaiser,SFY 20-21,Inpatient,115.21,Yellow
Kaiser,SFY 20-21,Outpatient and Emergency Room,106.77,Green
Kaiser,SFY 20-21,Prescription,109.2,Green
Kaiser,SFY 20-21,Professional,108.56,Green
Kaiser,SFY 21-22,Inpatient,106.87,Green
Kaiser,SFY 21-22,Outpatient and Emergency Room,99.39,Green
Kaiser,SFY 21-22,Prescription,99.45,Green
Kaiser,SFY 21-22,Professional,106.2,Green
Kern,CY 2018,Inpatient,89.2,Yellow
Kern,CY 2018,Outpatient and Emergency Room,129.87,Yellow
Kern,CY 2018,Prescription,99.87,Green
Kern,CY 2018,Professional,89.77,Yellow
Kern,CY 2019,Inpatient,96.38,Green
Kern,CY 2019,Outpatient and Emergency Room,100.95,Green
Kern,CY 2019,Prescription,103.37,Green
Kern,CY 2019,Professional,124.97,Yellow
Kern,CY 2021,Inpatient,95.05,Green
Kern,CY 2021,Outpatient and Emergency Room,94.51,Green
Kern,CY 2021,Prescription,101.45,Green
Kern,CY 2021,Professional,104.25,Green
Kern,CY 2022,Inpatient,97.08,Green
Kern,CY 2022,Outpatient and Emergency Room,93.93,Green
Kern,CY 2022,Professional,106.11,Green
Kern,Jul19-Feb,Inpatient,97.32,Green
Kern,Jul19-Feb,Outpatient and Emergency Room,101.86,Green
Kern,Jul19-Feb,Prescription,100.47,Green
Kern,Jul19-Feb,Professional,122.73,Yellow
Kern,SFY 17-18,Inpatient,90.62,Green
Kern,SFY 17-18,Outpatient and Emergency Room,128.35,Yellow
Kern,SFY 17-18,Prescription,101.85,Green
Kern,SFY 17-18,Professional,84.96,Yellow
Kern,SFY 18-19,Inpatient,93.84,Green
Kern,SFY 18-19,Outpatient and Emergency Room,98.42,Green
Kern,SFY 18-19,Prescription,100.49,Green
Kern,SFY 18-19,Professional,124.52,Yellow
Kern,SFY 20-21,Inpatient,92.21,Green
Kern,SFY 20-21,Outpatient and Emergency Room,101.28,Green
Kern,SFY 20-21,Prescription,97.52,Green
Kern,SFY 20-21,Professional,105.72,Green
Kern,SFY 21-22,Inpatient,97.09,Green
Kern,SFY 21-22,Outpatient and Emergency Room,96.37,Green
Kern,SFY 21-22,Prescription,100.04,Green
Kern,SFY 21-22,Professional,103.96,Green
LA Care,CY 2018,Inpatient,81.42,Yellow
LA Care,CY 2018,Outpatient and Emergency Room,96.58,Green
LA Care,CY 2018,Prescription,94.9,Green
LA Care,CY 2018,Professional,78.24,Yellow
LA Care,CY 2019,Inpatient,92.66,Green
LA Care,CY 2019,Outpatient and Emergency Room,96.78,Green
LA Care,CY 2019,Prescription,97.76,Green
LA Care,CY 2019,Professional,101.1,Green
LA Care,CY 2021,Inpatient,79.15,Yellow
LA Care,CY 2021,Outpatient and Emergency Room,91.58,Green
LA Care,CY 2021,Prescription,98.54,Green
LA Care,CY 2021,Professional,98.01,Green
LA Care,CY 2022,Inpatient,83.34,Yellow
LA Care,CY 2022,Outpatient and Emergency Room,84.63,Yellow
LA Care,CY 2022,Professional,100.09,Green
LA Care,Jul19-Feb,Inpatient,88.03,Yellow
LA Care,Jul19-Feb,Outpatient and Emergency Room,104.43,Green
LA Care,Jul19-Feb,Prescription,99.61,Green
LA Care,Jul19-Feb,Professional,98.14,Green
LA Care,SFY 17-18,Inpatient,83.35,Yellow
LA Care,SFY 17-18,Outpatient and Emergency Room,102.3,Green
LA Care,SFY 17-18,Prescription,99.43,Green
LA Care,SFY 17-18,Professional,64.89,Red
LA Care,SFY 18-19,Inpatient,85.75,Yellow
LA Care,SFY 18-19,Outpatient and Emergency Room,97.18,Green
LA Care,SFY 18-19,Prescription,93.52,Green
LA Care,SFY 18-19,Professional,105.66,Green
LA Care,SFY 20-21,Inpatient,75.06,Yellow
LA Care,SFY 20-21,Outpatient and Emergency Room,84.49,Yellow
LA Care,SFY 20-21,Prescription,98.19,Green
LA Care,SFY 20-21,Professional,103.51,Green
LA Care,SFY 21-22,Inpatient,76.92,Yellow
LA Care,SFY 21-22,Outpatient and Emergency Room,80.08,Yellow
LA Care,SFY 21-22,Prescription,99.17,Green
LA Care,SFY 21-22,Professional,99.93,Green
Molina,CY 2018,Inpatient,98.7,Green
Molina,CY 2018,Outpatient and Emergency Room,98.35,Green
Molina,CY 2018,Prescription,98.42,Green
Molina,CY 2018,Professional,88.72,Yellow
Molina,CY 2019,Inpatient,102.07,Green
Molina,CY 2019,Outpatient and Emergency Room,97.45,Green
Molina,CY 2019,Prescription,93.15,Green
Molina,CY 2019,Professional,95.31,Green
Molina,CY 2021,Inpatient,95.69,Green
Molina,CY 2021,Outpatient and Emergency Room,93.41,Green
Molina,CY 2021,Prescription,96.99,Green
Molina,CY 2021,Professional,105.4,Green
Molina,CY 2022,Inpatient,91.47,Green
Molina,CY 2022,Outpatient and Emergency Room,91.14,Green
Molina,CY 2022,Professional,101.42,Green
Molina,Jul19-Feb,Inpatient,99.22,Green
Molina,Jul19-Feb,Outpatient and Emergency Room,100.41,Green
Molina,Jul19-Feb,Prescription,98.58,Green
Molina,Jul19-Feb,Professional,102.73,Green
Molina,SFY 17-18,Inpatient,95.96,Green
Molina,SFY 17-18,Outpatient and Emergency Room,99.77,Green
Molina,SFY 17-18,Prescription,99.06,Green
Molina,SFY 17-18,Professional,87.75,Yellow
Molina,SFY 18-19,Inpatient,104.09,Green
Molina,SFY 18-19,Outpatient and Emergency Room,100.47,Green
Molina,SFY 18-19,Prescription,94.96,Green
Molina,SFY 18-19,Professional,95.98,Green
Molina,SFY 20-21,Inpatient,95.88,Green
Molina,SFY 20-21,Outpatient and Emergency Room,97.61,Green
Molina,SFY 20-21,Prescription,100.31,Green
Molina,SFY 20-21,Professional,102.66,Green
Molina,SFY 21-22,Inpatient,90.69,Green
Molina,SFY 21-22,Outpatient and Emergency Room,90.0,Yellow
Molina,SFY 21-22,Prescription,100.15,Green
Molina,SFY 21-22,Professional,99.83,Green
Partnership,CY 2018,Inpatient,96.68,Green
Partnership,CY 2018,Outpatient and Emergency Room,94.04,Green
Partnership,CY 2018,Prescription,98.18,Green
Partnership,CY 2018,Professional,81.4,Yellow
Partnership,CY 2019,Inpatient,95.37,Green
Partnership,CY 2019,Outpatient and Emergency Room,83.39,Yellow
Partnership,CY 2019,Prescription,98.97,Green
Partnership,CY 2019,Professional,99.19,Green
Partnership,CY 2021,Inpatient,98.15,Green
Partnership,CY 2021,Outpatient and Emergency Room,92.1,Green
Partnership,CY 2021,Prescription,97.11,Green
Partnership,CY 2021,Professional,98.21,Green
Partnership,CY 2022,Inpatient,97.82,Green
Partnership,CY 2022,Outpatient and Emergency Room,87.15,Yellow
Partnership,CY 2022,Professional,101.15,Green
Partnership,Jul19-Feb,Inpatient,96.33,Green
Partnership,Jul19-Feb,Outpatient and Emergency Room,82.11,Yellow
Partnership,Jul19-Feb,Prescription,98.57,Green
Partnership,Jul19-Feb,Professional,95.31,Green
Partnership,SFY 17-18,Inpatient,96.23,Green
Partnership,SFY 17-18,Outpatient and Emergency Room,88.97,Yellow
Partnership,SFY 17-18,Prescription,99.57,Green
Partnership,SFY 17-18,Professional,81.76,Yellow
Partnership,SFY 18-19,Inpatient,96.09,Green
Partnership,SFY 18-19,Outpatient and Emergency Room,85.7,Yellow
Partnership,SFY 18-19,Prescription,98.03,Green
Partnership,SFY 18-19,Professional,101.06,Green
Partnership,SFY 20-21,Inpatient,95.55,Green
Partnership,SFY 20-21,Outpatient and Emergency Room,98.77,Green
Partnership,SFY 20-21,Prescription,99.38,Green
Partnership,SFY 20-21,Professional,97.78,Green
Partnership,SFY 21-22,Inpatient,97.96,Green
Partnership,SFY 21-22,Outpatient and Emergency Room,89.53,Yellow
Partnership,SFY 21-22,Prescription,100.31,Green
Partnership,SFY 21-22,Professional,99.44,Green
SCFHP,CY 2018,Inpatient,93.25,Green
SCFHP,CY 2018,Outpatient and Emergency Room,89.5,Yellow
SCFHP,CY 2018,Prescription,95.58,Green
SCFHP,CY 2018,Professional,95.48,Green
SCFHP,CY 2019,Inpatient,92.75,Green
SCFHP,CY 2019,Outpatient and Emergency Room,98.41,Green
SCFHP,CY 2019,Prescription,99.45,Green
SCFHP,CY 2019,Professional,98.33,Green
SCFHP,CY 2021,Inpatient,97.51,Green
SCFHP,CY 2021,Outpatient and Emergency Room,90.99,Green
SCFHP,CY 2021,Prescription,95.77,Green
SCFHP,CY 2021,Professional,101.84,Green
SCFHP,CY 2022,Inpatient,94.12,Green
SCFHP,CY 2022,Outpatient and Emergency Room,98.13,Green
SCFHP,CY 2022,Professional,99.7,Green
SCFHP,Jul19-Feb,Inpatient,91.84,Green
SCFHP,Jul19-Feb,Outpatient and Emergency Room,96.91,Green
SCFHP,Jul19-Feb,Prescription,96.88,Green
SCFHP,Jul19-Feb,Professional,101.7,Green
SCFHP,SFY 17-18,Inpatient,95.72,Green
SCFHP,SFY 17-18,Outpatient and Emergency Room,81.76,Yellow
SCFHP,SFY 17-18,Prescription,95.43,Green
SCFHP,SFY 17-18,Professional,94.33,Green
SCFHP,SFY 18-19,Inpatient,93.69,Green
SCFHP,SFY 18-19,Outpatient and Emergency Room,94.82,Green
SCFHP,SFY 18-19,Prescription,98.32,Green
SCFHP,SFY 18-19,Professional,97.24,Green
SCFHP,SFY 20-21,Inpatient,89.64,Yellow
SCFHP,SFY 20-21,Outpatient and Emergency Room,96.47,Green
SCFHP,SFY 20-21,Prescription,99.28,Green
SCFHP,SFY 20-21,Professional,99.75,Green
SCFHP,SFY 21-22,Inpatient,101.38,Green
SCFHP,SFY 21-22,Outpatient and Emergency Room,103.27,Green
SCFHP,SFY 21-22,Prescription,99.36,Green
SCFHP,SFY 21-22,Professional,99.22,Green
SFHP,CY 2018,Inpatient,101.69,Green
SFHP,CY 2018,Outpatient and Emergency Room,97.62,Green
SFHP,CY 2018,Prescription,100.16,Green
SFHP,CY 2018,Professional,99.36,Green
SFHP,CY 2019,Inpatient,100.34,Green
SFHP,CY 2019,Outpatient and Emergency Room,99.58,Green
SFHP,CY 2019,Prescription,98.85,Green
SFHP,CY 2019,Professional,97.97,Green
SFHP,CY 2021,Inpatient,90.89,Green
SFHP,CY 2021,Outpatient and Emergency Room,89.6,Yellow
SFHP,CY 2021,Prescription,99.27,Green
SFHP,CY 2021,Professional,98.66,Green
SFHP,CY 2022,Inpatient,98.19,Green
SFHP,CY 2022,Outpatient and Emergency Room,91.36,Green
SFHP,CY 2022,Professional,99.34,Green
SFHP,Jul19-Feb,Inpatient,96.51,Green
SFHP,Jul19-Feb,Outpatient and Emergency Room,108.58,Green
SFHP,Jul19-Feb,Prescription,100.9,Green
SFHP,Jul19-Feb,Professional,101.77,Green
SFHP,SFY 17-18,Inpatient,99.74,Green
SFHP,SFY 17-18,Outpatient and Emergency Room,95.89,Green
SFHP,SFY 17-18,Prescription,99.95,Green
SFHP,SFY 17-18,Professional,97.7,Green
SFHP,SFY 18-19,Inpatient,102.27,Green
SFHP,SFY 18-19,Outpatient and Emergency Room,95.76,Green
SFHP,SFY 18-19,Prescription,98.5,Green
SFHP,SFY 18-19,Professional,103.87,Green
SFHP,SFY 20-21,Inpatient,97.71,Green
SFHP,SFY 20-21,Outpatient and Emergency Room,134.11,Yellow
SFHP,SFY 20-21,Prescription,101.14,Green
SFHP,SFY 20-21,Professional,114.07,Yellow
SFHP,SFY 21-22,Inpatient,99.05,Green
SFHP,SFY 21-22,Outpatient and Emergency Room,103.09,Green
SFHP,SFY 21-22,Prescription,100.85,Green
SFHP,SFY 21-22,Professional,104.71,Green
United,CY 2019,Inpatient,106.96,Green
United,CY 2019,Outpatient and Emergency Room,98.79,Green
United,CY 2019,Prescription,92.17,Green
United,CY 2019,Professional,92.53,Green
United,CY 2021,Inpatient,104.2,Green
United,CY 2021,Outpatient and Emergency Room,94.15,Green
United,CY 2021,Prescription,95.03,Green
United,CY 2021,Professional,103.77,Green
United,CY 2022,Inpatient,100.56,Green
United,CY 2022,Outpatient and Emergency Room,90.27,Green
United,CY 2022,Professional,95.58,Green
United,Jul19-Feb,Inpatient,104.89,Green
United,Jul19-Feb,Outpatient and Emergency Room,98.29,Green
United,Jul19-Feb,Prescription,93.19,Green
United,Jul19-Feb,Professional,91.81,Green
United,SFY 20-21,Inpatient,114.5,Yellow
United,SFY 20-21,Outpatient and Emergency Room,96.44,Green
United,SFY 20-21,Prescription,95.77,Green
United,SFY 20-21,Professional,92.52,Green
United,SFY 21-22,Inpatient,102.85,Green
United,SFY 21-22,Outpatient and Emergency Room,92.73,Green
United,SFY 21-22,Prescription,96.66,Green
United,SFY 21-22,Professional,100.7,Green
