Rating Period,Calendar Year,Model,County,Category of Aid,Lower Bound,Midpoint,Upper Bound
01/2021-12/2021,2021,SCAN,Los Angeles,Aged-Disabled,$179.23 ,$184.28 ,$189.55 
01/2021-12/2021,2021,SCAN,Riverside,Aged-Disabled,$171.26 ,$176.13 ,$181.22 
01/2021-12/2021,2021,SCAN,San Bernardino,Aged-Disabled,$164.51 ,$169.26 ,$174.21 
01/2021-12/2021,2021,SCAN,Los Angeles,LTC Certified,"$1,380.88 ","$1,419.92 ","$1,460.66 "
01/2021-12/2021,2021,SCAN,Riverside,LTC Certified,"$1,395.98 ","$1,435.51 ","$1,476.77 "
01/2021-12/2021,2021,SCAN,San Bernardino,LTC Certified,"$1,283.16 ","$1,319.51 ","$1,357.44 "
01/2022-12/2022,2022,SCAN,Los Angeles,Aged-Disabled,$182.51 ,$187.76 ,$193.25 
01/2022-12/2022,2022,SCAN,Riverside,Aged-Disabled,$178.27 ,$183.41 ,$188.79 
01/2022-12/2022,2022,SCAN,San Bernardino,Aged-Disabled,$170.62 ,$175.62 ,$180.85 
01/2022-12/2022,2022,SCAN,Los Angeles,LTC Certified,"$1,435.81 ","$1,476.81 ","$1,519.60 "
01/2022-12/2022,2022,SCAN,Riverside,LTC Certified,"$1,423.38 ","$1,464.11 ","$1,506.61 "
01/2022-12/2022,2022,SCAN,San Bernardino,LTC Certified,"$1,320.48 ","$1,358.29 ","$1,397.76 "
01/2023-12/2023,2023,SCAN,Los Angeles,Aged-Disabled/Full-Dual - SIS,$195.72 ,$201.27 ,$207.08 
01/2023-12/2023,2023,SCAN,Riverside,Aged-Disabled/Full-Dual - SIS,$197.43 ,$203.04 ,$208.91 
01/2023-12/2023,2023,SCAN,San Bernardino,Aged-Disabled/Full-Dual - SIS,$175.67 ,$180.79 ,$186.13 
01/2023-12/2023,2023,SCAN,San Diego,Aged-Disabled/Full-Dual - SIS,$196.27 ,$201.87 ,$207.72 
01/2023-12/2023,2023,SCAN,Los Angeles,LTC Certified/Full-Dual - SIS,"$1,424.04 ","$1,464.11 ","$1,505.94 "
01/2023-12/2023,2023,SCAN,Riverside,LTC Certified/Full-Dual - SIS,"$1,398.75 ","$1,438.05 ","$1,479.07 "
01/2023-12/2023,2023,SCAN,San Bernardino,LTC Certified/Full-Dual - SIS,"$1,295.84 ","$1,332.67 ","$1,371.12 "
01/2023-12/2023,2023,SCAN,San Diego,LTC Certified/Full-Dual - SIS,"$1,405.38 ","$1,444.96 ","$1,486.26 "
01/2023-12/2023,2023,SCAN,Los Angeles,Aged-Disabled/Full-Dual - UIS Fed,$24.97 ,$25.69 ,$26.43 
01/2023-12/2023,2023,SCAN,Riverside,Aged-Disabled/Full-Dual - UIS Fed,$25.84 ,$26.58 ,$27.35 
01/2023-12/2023,2023,SCAN,San Bernardino,Aged-Disabled/Full-Dual - UIS Fed,$25.35 ,$26.08 ,$26.83 
01/2023-12/2023,2023,SCAN,San Diego,Aged-Disabled/Full-Dual - UIS Fed,$25.38 ,$26.11 ,$26.87 
01/2023-12/2023,2023,SCAN,Los Angeles,LTC Certified/Full-Dual - UIS Fed,$41.88 ,$43.04 ,$44.25 
01/2023-12/2023,2023,SCAN,Riverside,LTC Certified/Full-Dual - UIS Fed,$49.38 ,$50.73 ,$52.15 
01/2023-12/2023,2023,SCAN,San Bernardino,LTC Certified/Full-Dual - UIS Fed,$42.22 ,$43.38 ,$44.60 
01/2023-12/2023,2023,SCAN,San Diego,LTC Certified/Full-Dual - UIS Fed,$46.23 ,$47.51 ,$48.84 
01/2023-12/2023,2023,SCAN,Los Angeles,Aged-Disabled/Full-Dual - UIS State,$170.55 ,$175.39 ,$180.44 
01/2023-12/2023,2023,SCAN,Riverside,Aged-Disabled/Full-Dual - UIS State,$171.59 ,$176.47 ,$181.56 
01/2023-12/2023,2023,SCAN,San Bernardino,Aged-Disabled/Full-Dual - UIS State,$150.32 ,$154.71 ,$159.30 
01/2023-12/2023,2023,SCAN,San Diego,Aged-Disabled/Full-Dual - UIS State,$170.89 ,$175.76 ,$180.85 
01/2023-12/2023,2023,SCAN,Los Angeles,LTC Certified/Full-Dual - UIS State,"$1,381.69 ","$1,420.60 ","$1,461.20 "
01/2023-12/2023,2023,SCAN,Riverside,LTC Certified/Full-Dual - UIS State,"$1,349.38 ","$1,387.32 ","$1,426.92 "
01/2023-12/2023,2023,SCAN,San Bernardino,LTC Certified/Full-Dual - UIS State,"$1,253.62 ","$1,289.29 ","$1,326.52 "
01/2023-12/2023,2023,SCAN,San Diego,LTC Certified/Full-Dual - UIS State,"$1,359.15 ","$1,397.45 ","$1,437.42 "
01/2024-12/2024,2024,SCAN,Los Angeles,Aged-Disabled/Full-Dual - SIS,$203.43 ,$209.42 ,$215.68 
01/2024-12/2024,2024,SCAN,Riverside,Aged-Disabled/Full-Dual - SIS,$208.91 ,$215.06 ,$221.49 
01/2024-12/2024,2024,SCAN,San Bernardino,Aged-Disabled/Full-Dual - SIS,$202.31 ,$208.27 ,$214.49 
01/2024-12/2024,2024,SCAN,San Diego,Aged-Disabled/Full-Dual - SIS,$215.01 ,$221.33 ,$227.93 
01/2024-12/2024,2024,SCAN,Los Angeles,LTC Certified/Full-Dual - SIS,"$1,342.08 ","$1,381.15 ","$1,421.93 "
01/2024-12/2024,2024,SCAN,Riverside,LTC Certified/Full-Dual - SIS,"$1,256.42 ","$1,292.82 ","$1,330.80 "
01/2024-12/2024,2024,SCAN,San Bernardino,LTC Certified/Full-Dual - SIS,"$1,218.69 ","$1,254.49 ","$1,291.86 "
01/2024-12/2024,2024,SCAN,San Diego,LTC Certified/Full-Dual - SIS,"$1,305.29 ","$1,343.16 ","$1,382.66 "
01/2024-12/2024,2024,SCAN,Los Angeles,Aged-Disabled/Full-Dual - UIS Fed,$32.21 ,$33.16 ,$34.14 
01/2024-12/2024,2024,SCAN,Riverside,Aged-Disabled/Full-Dual - UIS Fed,$36.14 ,$37.20 ,$38.30 
01/2024-12/2024,2024,SCAN,San Bernardino,Aged-Disabled/Full-Dual - UIS Fed,$34.30 ,$35.30 ,$36.35 
01/2024-12/2024,2024,SCAN,San Diego,Aged-Disabled/Full-Dual - UIS Fed,$37.98 ,$39.10 ,$40.26 
01/2024-12/2024,2024,SCAN,Los Angeles,LTC Certified/Full-Dual - UIS Fed,$57.31 ,$58.93 ,$60.63 
01/2024-12/2024,2024,SCAN,Riverside,LTC Certified/Full-Dual - UIS Fed,$61.45 ,$63.18 ,$64.99 
01/2024-12/2024,2024,SCAN,San Bernardino,LTC Certified/Full-Dual - UIS Fed,$60.04 ,$61.74 ,$63.51 
01/2024-12/2024,2024,SCAN,San Diego,LTC Certified/Full-Dual - UIS Fed,$63.12 ,$64.91 ,$66.78 
01/2024-12/2024,2024,SCAN,Los Angeles,Aged-Disabled/Full-Dual - UIS State,$171.22 ,$176.27 ,$181.54 
01/2024-12/2024,2024,SCAN,Riverside,Aged-Disabled/Full-Dual - UIS State,$172.76 ,$177.86 ,$183.19 
01/2024-12/2024,2024,SCAN,San Bernardino,Aged-Disabled/Full-Dual - UIS State,$168.00 ,$172.96 ,$178.15 
01/2024-12/2024,2024,SCAN,San Diego,Aged-Disabled/Full-Dual - UIS State,$177.03 ,$182.23 ,$187.66 
01/2024-12/2024,2024,SCAN,Los Angeles,LTC Certified/Full-Dual - UIS State,"$1,284.77 ","$1,322.22 ","$1,361.30 "
01/2024-12/2024,2024,SCAN,Riverside,LTC Certified/Full-Dual - UIS State,"$1,194.97 ","$1,229.64 ","$1,265.81 "
01/2024-12/2024,2024,SCAN,San Bernardino,LTC Certified/Full-Dual - UIS State,"$1,158.64 ","$1,192.75 ","$1,228.35 "
01/2024-12/2024,2024,SCAN,San Diego,LTC Certified/Full-Dual - UIS State,"$1,242.18 ","$1,278.25 ","$1,315.89 "
01/2025-12/2025,2025,SCAN,Los Angeles,Aged-Disabled/Full-Dual - SIS,$226.03 ,$232.62 ,$239.50 
01/2025-12/2025,2025,SCAN,Riverside,Aged-Disabled/Full-Dual - SIS,$216.49 ,$222.82 ,$229.43 
01/2025-12/2025,2025,SCAN,San Bernardino,Aged-Disabled/Full-Dual - SIS,$196.53 ,$202.33 ,$208.38 
01/2025-12/2025,2025,SCAN,San Diego,Aged-Disabled/Full-Dual - SIS,$280.21 ,$288.26 ,$296.66 
01/2025-12/2025,2025,SCAN,Los Angeles,LTC Certified/Full-Dual - SIS,"$1,667.66 ","$1,716.02 ","$1,766.48 "
01/2025-12/2025,2025,SCAN,Riverside,LTC Certified/Full-Dual - SIS,"$1,516.17 ","$1,559.99 ","$1,605.71 "
01/2025-12/2025,2025,SCAN,San Bernardino,LTC Certified/Full-Dual - SIS,"$1,500.92 ","$1,544.92 ","$1,590.84 "
01/2025-12/2025,2025,SCAN,San Diego,LTC Certified/Full-Dual - SIS,"$1,277.78 ","$1,314.98 ","$1,353.80 "
01/2025-12/2025,2025,SCAN,Los Angeles,Aged-Disabled/Full-Dual - UIS Fed,$48.34 ,$49.78 ,$51.28 
01/2025-12/2025,2025,SCAN,Riverside,Aged-Disabled/Full-Dual - UIS Fed,$50.10 ,$51.59 ,$53.14 
01/2025-12/2025,2025,SCAN,San Bernardino,Aged-Disabled/Full-Dual - UIS Fed,$49.16 ,$50.61 ,$52.13 
01/2025-12/2025,2025,SCAN,San Diego,Aged-Disabled/Full-Dual - UIS Fed,$53.59 ,$55.19 ,$56.85 
01/2025-12/2025,2025,SCAN,Los Angeles,LTC Certified/Full-Dual - UIS Fed,$137.78 ,$141.79 ,$145.98 
01/2025-12/2025,2025,SCAN,Riverside,LTC Certified/Full-Dual - UIS Fed,$134.83 ,$138.75 ,$142.84 
01/2025-12/2025,2025,SCAN,San Bernardino,LTC Certified/Full-Dual - UIS Fed,$141.22 ,$145.34 ,$149.63 
01/2025-12/2025,2025,SCAN,San Diego,LTC Certified/Full-Dual - UIS Fed,$133.35 ,$137.22 ,$141.27 
01/2025-12/2025,2025,SCAN,Los Angeles,Aged-Disabled/Full-Dual - UIS State,$177.69 ,$182.84 ,$188.22 
01/2025-12/2025,2025,SCAN,Riverside,Aged-Disabled/Full-Dual - UIS State,$166.39 ,$171.23 ,$176.29 
01/2025-12/2025,2025,SCAN,San Bernardino,Aged-Disabled/Full-Dual - UIS State,$147.38 ,$151.72 ,$156.25 
01/2025-12/2025,2025,SCAN,San Diego,Aged-Disabled/Full-Dual - UIS State,$226.62 ,$233.07 ,$239.81 
01/2025-12/2025,2025,SCAN,Los Angeles,LTC Certified/Full-Dual - UIS State,"$1,529.89 ","$1,574.24 ","$1,620.51 "
01/2025-12/2025,2025,SCAN,Riverside,LTC Certified/Full-Dual - UIS State,"$1,381.34 ","$1,421.24 ","$1,462.87 "
01/2025-12/2025,2025,SCAN,San Bernardino,LTC Certified/Full-Dual - UIS State,"$1,359.69 ","$1,399.58 ","$1,441.20 "
01/2025-12/2025,2025,SCAN,San Diego,LTC Certified/Full-Dual - UIS State,"$1,144.43 ","$1,177.76 ","$1,212.53 "
01/2026-12/2026,2026,SCAN,Los Angeles,Aged-Disabled/Full-Dual - SIS,$235.38 ,$242.37 ,$249.68 
01/2026-12/2026,2026,SCAN,Riverside,Aged-Disabled/Full-Dual - SIS,$233.84 ,$240.80 ,$248.06 
01/2026-12/2026,2026,SCAN,San Bernardino,Aged-Disabled/Full-Dual - SIS,$206.10 ,$212.30 ,$218.77 
01/2026-12/2026,2026,SCAN,San Diego,Aged-Disabled/Full-Dual - SIS,$280.96 ,$289.16 ,$297.72 
01/2026-12/2026,2026,SCAN,Los Angeles,LTC Certified/Full-Dual - SIS,"$1,625.87 ","$1,673.62 ","$1,723.45 "
01/2026-12/2026,2026,SCAN,Riverside,LTC Certified/Full-Dual - SIS,"$1,444.42 ","$1,486.73 ","$1,530.87 "
01/2026-12/2026,2026,SCAN,San Bernardino,LTC Certified/Full-Dual - SIS,"$1,459.36 ","$1,502.67 ","$1,547.87 "
01/2026-12/2026,2026,SCAN,San Diego,LTC Certified/Full-Dual - SIS,"$1,451.83 ","$1,494.72 ","$1,539.49 "
01/2026-12/2026,2026,SCAN,Los Angeles,Aged-Disabled/Full-Dual - UIS Fed,$43.40 ,$44.75 ,$46.16 
01/2026-12/2026,2026,SCAN,Riverside,Aged-Disabled/Full-Dual - UIS Fed,$45.48 ,$46.90 ,$48.37 
01/2026-12/2026,2026,SCAN,San Bernardino,Aged-Disabled/Full-Dual - UIS Fed,$43.26 ,$44.61 ,$46.01 
01/2026-12/2026,2026,SCAN,San Diego,Aged-Disabled/Full-Dual - UIS Fed,$42.59 ,$43.91 ,$45.29 
01/2026-12/2026,2026,SCAN,Los Angeles,LTC Certified/Full-Dual - UIS Fed,$86.70 ,$89.32 ,$92.06 
01/2026-12/2026,2026,SCAN,Riverside,LTC Certified/Full-Dual - UIS Fed,$69.31 ,$71.40 ,$73.59 
01/2026-12/2026,2026,SCAN,San Bernardino,LTC Certified/Full-Dual - UIS Fed,$77.24 ,$79.58 ,$82.02 
01/2026-12/2026,2026,SCAN,San Diego,LTC Certified/Full-Dual - UIS Fed,$62.92 ,$64.83 ,$66.82 
01/2026-12/2026,2026,SCAN,Los Angeles,Aged-Disabled/Full-Dual - UIS State,$191.97 ,$197.62 ,$203.52 
01/2026-12/2026,2026,SCAN,Riverside,Aged-Disabled/Full-Dual - UIS State,$188.36 ,$193.90 ,$199.69 
01/2026-12/2026,2026,SCAN,San Bernardino,Aged-Disabled/Full-Dual - UIS State,$162.83 ,$167.69 ,$172.76 
01/2026-12/2026,2026,SCAN,San Diego,Aged-Disabled/Full-Dual - UIS State,$238.37 ,$245.25 ,$252.43 
01/2026-12/2026,2026,SCAN,Los Angeles,LTC Certified/Full-Dual - UIS State,"$1,539.18 ","$1,584.30 ","$1,631.39 "
01/2026-12/2026,2026,SCAN,Riverside,LTC Certified/Full-Dual - UIS State,"$1,375.12 ","$1,415.32 ","$1,457.28 "
01/2026-12/2026,2026,SCAN,San Bernardino,LTC Certified/Full-Dual - UIS State,"$1,382.12 ","$1,423.09 ","$1,465.85 "
01/2026-12/2026,2026,SCAN,San Diego,LTC Certified/Full-Dual - UIS State,"$1,388.91 ","$1,429.90 ","$1,472.67 "
