Year,Plan,Region,Reporting Unit,AQFS
2016,AAH,Alameda,AAH - Alameda,53.18
2016,Anthem,Alameda,Anthem - Alameda,44.55
2016,Anthem,Contra Costa,Anthem - Contra Costa,45.0
2016,Anthem,Fresno,Anthem - Fresno,44.09
2016,Anthem,Kings,Anthem - Kings,46.82
2016,Anthem,Madera,Anthem - Madera,51.36
2016,Anthem,Region 1,Anthem - Region 1,42.73
2016,Anthem,Region 2,Anthem - Region 2,40.0
2016,Anthem,Sacramento,Anthem - Sacramento,45.91
2016,Anthem,San Benito,Anthem - San Benito,38.18
2016,Anthem,San Francisco,Anthem - San Francisco,58.64
2016,Anthem,Santa Clara,Anthem - Santa Clara,56.82
2016,Anthem,Tulare,Anthem - Tulare,59.55
2016,Blue Shield,San Diego,Blue Shield - San Diego,55.91
2016,CalOptima,Orange,CalOptima - Orange,67.73
2016,CalViva,Fresno,CalViva - Fresno,50.45
2016,CalViva,Kings,CalViva - Kings,42.73
2016,CalViva,Madera,CalViva - Madera,55.45
2016,CCAH,Merced,CCAH - Merced,56.36
2016,CCAH,Monterey/Santa Cruz,CCAH - Monterey/Santa Cruz,74.09
2016,CCHP,Contra Costa,CCHP - Contra Costa,65.45
2016,CenCal,San Luis Obispo,CenCal - San Luis Obispo,66.82
2016,CenCal,Santa Barbara,CenCal - Santa Barbara,75.91
2016,CH&W,Imperial,CH&W - Imperial,58.18
2016,CH&W,Region 1,CH&W - Region 1,37.73
2016,CH&W,Region 2,CH&W - Region 2,38.18
2016,CHG,San Diego,CHG - San Diego,60.91
2016,GCHP,Ventura,GCHP - Ventura,58.64
2016,Health Net,Kern,Health Net - Kern,46.36
2016,Health Net,Los Angeles,Health Net - Los Angeles,61.36
2016,Health Net,Sacramento,Health Net - Sacramento,46.36
2016,Health Net,San Diego,Health Net - San Diego,51.36
2016,Health Net,San Joaquin,Health Net - San Joaquin,32.27
2016,Health Net,Stanislaus,Health Net - Stanislaus,49.09
2016,Health Net,Tulare,Health Net - Tulare,60.91
2016,HPSJ,San Joaquin,HPSJ - San Joaquin,38.64
2016,HPSJ,Stanislaus,HPSJ - Stanislaus,40.91
2016,HPSM,San Mateo,HPSM - San Mateo,68.64
2016,IEHP,Riverside/San Bernardino,IEHP - Riverside/San Bernardino,60.45
2016,Kaiser,KP North,Kaiser - KP North,95.91
2016,Kaiser,San Diego,Kaiser - San Diego,97.27
2016,Kern,Kern,Kern - Kern,50.0
2016,LA Care,Los Angeles,LA Care - Los Angeles,60.91
2016,Molina,Imperial,Molina - Imperial,48.64
2016,Molina,Riverside/San Bernardino,Molina - Riverside/San Bernardino,44.09
2016,Molina,Sacramento,Molina - Sacramento,52.73
2016,Molina,San Diego,Molina - San Diego,59.09
2016,Partnership,Northeast,Partnership - Northeast,47.73
2016,Partnership,Northwest,Partnership - Northwest,49.55
2016,Partnership,Southeast,Partnership - Southeast,70.45
2016,Partnership,Southwest,Partnership - Southwest,67.27
2016,SCFHP,Santa Clara,SCFHP - Santa Clara,60.0
2016,SFHP,San Francisco,SFHP - San Francisco,87.73
2017,AAH,Alameda,AAH - Alameda,66.11
2017,Anthem,Alameda,Anthem - Alameda,58.33
2017,Anthem,Contra Costa,Anthem - Contra Costa,53.89
2017,Anthem,Fresno,Anthem - Fresno,56.67
2017,Anthem,Kings,Anthem - Kings,57.78
2017,Anthem,Madera,Anthem - Madera,63.33
2017,Anthem,Region 1,Anthem - Region 1,52.22
2017,Anthem,Region 2,Anthem - Region 2,50.0
2017,Anthem,Sacramento,Anthem - Sacramento,53.89
2017,Anthem,San Benito,Anthem - San Benito,47.65
2017,Anthem,San Francisco,Anthem - San Francisco,75.0
2017,Anthem,Santa Clara,Anthem - Santa Clara,68.89
2017,Anthem,Tulare,Anthem - Tulare,72.22
2017,Blue Shield,San Diego,Blue Shield - San Diego,67.78
2017,CalOptima,Orange,CalOptima - Orange,73.33
2017,CalViva,Fresno,CalViva - Fresno,59.44
2017,CalViva,Kings,CalViva - Kings,66.11
2017,CalViva,Madera,CalViva - Madera,58.89
2017,CCAH,Merced,CCAH - Merced,53.33
2017,CCAH,Monterey/Santa Cruz,CCAH - Monterey/Santa Cruz,71.11
2017,CCHP,Contra Costa,CCHP - Contra Costa,72.78
2017,CenCal,San Luis Obispo,CenCal - San Luis Obispo,71.67
2017,CenCal,Santa Barbara,CenCal - Santa Barbara,76.11
2017,CH&W,Imperial,CH&W - Imperial,71.67
2017,CH&W,Region 1,CH&W - Region 1,47.78
2017,CH&W,Region 2,CH&W - Region 2,48.89
2017,CHG,San Diego,CHG - San Diego,71.67
2017,GCHP,Ventura,GCHP - Ventura,43.89
2017,Health Net,Kern,Health Net - Kern,48.89
2017,Health Net,Los Angeles,Health Net - Los Angeles,63.33
2017,Health Net,Sacramento,Health Net - Sacramento,45.0
2017,Health Net,San Diego,Health Net - San Diego,57.22
2017,Health Net,San Joaquin,Health Net - San Joaquin,30.56
2017,Health Net,Stanislaus,Health Net - Stanislaus,48.33
2017,Health Net,Tulare,Health Net - Tulare,64.44
2017,HPSJ,San Joaquin,HPSJ - San Joaquin,38.89
2017,HPSJ,Stanislaus,HPSJ - Stanislaus,42.22
2017,HPSM,San Mateo,HPSM - San Mateo,74.44
2017,IEHP,Riverside/San Bernardino,IEHP - Riverside/San Bernardino,65.0
2017,Kaiser,KP North,Kaiser - KP North,93.33
2017,Kaiser,San Diego,Kaiser - San Diego,97.78
2017,Kern,Kern,Kern - Kern,55.0
2017,LA Care,Los Angeles,LA Care - Los Angeles,66.67
2017,Molina,Imperial,Molina - Imperial,60.56
2017,Molina,Riverside/San Bernardino,Molina - Riverside/San Bernardino,57.22
2017,Molina,Sacramento,Molina - Sacramento,54.44
2017,Molina,San Diego,Molina - San Diego,69.44
2017,Partnership,Northeast,Partnership - Northeast,53.33
2017,Partnership,Northwest,Partnership - Northwest,56.67
2017,Partnership,Southeast,Partnership - Southeast,74.44
2017,Partnership,Southwest,Partnership - Southwest,68.89
2017,SCFHP,Santa Clara,SCFHP - Santa Clara,65.0
2017,SFHP,San Francisco,SFHP - San Francisco,85.0
2018,AAH,Alameda,AAH - Alameda,70.95
2018,Anthem,Alameda,Anthem - Alameda,58.57
2018,Anthem,Contra Costa,Anthem - Contra Costa,61.9
2018,Anthem,Fresno,Anthem - Fresno,52.86
2018,Anthem,Kings,Anthem - Kings,59.05
2018,Anthem,Madera,Anthem - Madera,64.76
2018,Anthem,Region 1,Anthem - Region 1,50.48
2018,Anthem,Region 2,Anthem - Region 2,50.0
2018,Anthem,Sacramento,Anthem - Sacramento,50.48
2018,Anthem,San Benito,Anthem - San Benito,52.38
2018,Anthem,San Francisco,Anthem - San Francisco,66.19
2018,Anthem,Santa Clara,Anthem - Santa Clara,65.24
2018,Anthem,Tulare,Anthem - Tulare,75.71
2018,Blue Shield,San Diego,Blue Shield - San Diego,63.81
2018,CalOptima,Orange,CalOptima - Orange,80.0
2018,CalViva,Fresno,CalViva - Fresno,60.48
2018,CalViva,Kings,CalViva - Kings,67.62
2018,CalViva,Madera,CalViva - Madera,68.57
2018,CCAH,Merced,CCAH - Merced,56.19
2018,CCAH,Monterey/Santa Cruz,CCAH - Monterey/Santa Cruz,81.9
2018,CCHP,Contra Costa,CCHP - Contra Costa,70.95
2018,CenCal,San Luis Obispo,CenCal - San Luis Obispo,76.19
2018,CenCal,Santa Barbara,CenCal - Santa Barbara,81.43
2018,CH&W,Imperial,CH&W - Imperial,73.33
2018,CH&W,Region 1,CH&W - Region 1,48.57
2018,CH&W,Region 2,CH&W - Region 2,47.14
2018,CHG,San Diego,CHG - San Diego,79.05
2018,GCHP,Ventura,GCHP - Ventura,59.52
2018,Health Net,Kern,Health Net - Kern,52.38
2018,Health Net,Los Angeles,Health Net - Los Angeles,65.24
2018,Health Net,Sacramento,Health Net - Sacramento,48.1
2018,Health Net,San Diego,Health Net - San Diego,57.14
2018,Health Net,San Joaquin,Health Net - San Joaquin,38.57
2018,Health Net,Stanislaus,Health Net - Stanislaus,47.14
2018,Health Net,Tulare,Health Net - Tulare,70.0
2018,HPSJ,San Joaquin,HPSJ - San Joaquin,48.1
2018,HPSJ,Stanislaus,HPSJ - Stanislaus,43.33
2018,HPSM,San Mateo,HPSM - San Mateo,81.43
2018,IEHP,Riverside/San Bernardino,IEHP - Riverside/San Bernardino,65.24
2018,Kaiser,KP North,Kaiser - KP North,98.1
2018,Kaiser,San Diego,Kaiser - San Diego,98.1
2018,Kern,Kern,Kern - Kern,61.9
2018,LA Care,Los Angeles,LA Care - Los Angeles,66.67
2018,Molina,Imperial,Molina - Imperial,56.19
2018,Molina,Riverside/San Bernardino,Molina - Riverside/San Bernardino,55.71
2018,Molina,Sacramento,Molina - Sacramento,59.52
2018,Molina,San Diego,Molina - San Diego,75.24
2018,Partnership,Northeast,Partnership - Northeast,47.62
2018,Partnership,Northwest,Partnership - Northwest,49.52
2018,Partnership,Southeast,Partnership - Southeast,78.57
2018,Partnership,Southwest,Partnership - Southwest,67.62
2018,SCFHP,Santa Clara,SCFHP - Santa Clara,68.1
2018,SFHP,San Francisco,SFHP - San Francisco,89.52
2019,AAH,Alameda,AAH - Alameda,72.11
2019,Anthem,Alameda,Anthem - Alameda,54.21
2019,Anthem,Contra Costa,Anthem - Contra Costa,53.16
2019,Anthem,Fresno,Anthem - Fresno,47.37
2019,Anthem,Kings,Anthem - Kings,56.84
2019,Anthem,Madera,Anthem - Madera,66.32
2019,Anthem,Region 1,Anthem - Region 1,43.68
2019,Anthem,Region 2,Anthem - Region 2,44.21
2019,Anthem,Sacramento,Anthem - Sacramento,55.26
2019,Anthem,San Benito,Anthem - San Benito,43.16
2019,Anthem,San Francisco,Anthem - San Francisco,68.42
2019,Anthem,Santa Clara,Anthem - Santa Clara,60.0
2019,Anthem,Tulare,Anthem - Tulare,67.89
2019,Blue Shield,San Diego,Blue Shield - San Diego,58.95
2019,CalOptima,Orange,CalOptima - Orange,74.21
2019,CalViva,Fresno,CalViva - Fresno,50.0
2019,CalViva,Kings,CalViva - Kings,63.16
2019,CalViva,Madera,CalViva - Madera,73.68
2019,CCAH,Merced,CCAH - Merced,54.21
2019,CCAH,Monterey/Santa Cruz,CCAH - Monterey/Santa Cruz,80.53
2019,CCHP,Contra Costa,CCHP - Contra Costa,75.26
2019,CenCal,San Luis Obispo,CenCal - San Luis Obispo,75.79
2019,CenCal,Santa Barbara,CenCal - Santa Barbara,80.0
2019,CH&W,Imperial,CH&W - Imperial,68.42
2019,CH&W,Region 1,CH&W - Region 1,39.47
2019,CH&W,Region 2,CH&W - Region 2,37.89
2019,CHG,San Diego,CHG - San Diego,85.79
2019,GCHP,Ventura,GCHP - Ventura,67.37
2019,Health Net,Kern,Health Net - Kern,50.0
2019,Health Net,Los Angeles,Health Net - Los Angeles,62.63
2019,Health Net,Sacramento,Health Net - Sacramento,53.16
2019,Health Net,San Diego,Health Net - San Diego,59.47
2019,Health Net,San Joaquin,Health Net - San Joaquin,37.89
2019,Health Net,Stanislaus,Health Net - Stanislaus,50.0
2019,Health Net,Tulare,Health Net - Tulare,71.58
2019,HPSJ,San Joaquin,HPSJ - San Joaquin,49.47
2019,HPSJ,Stanislaus,HPSJ - Stanislaus,48.42
2019,HPSM,San Mateo,HPSM - San Mateo,76.32
2019,IEHP,Riverside/San Bernardino,IEHP - Riverside/San Bernardino,66.84
2019,Kaiser,KP North,Kaiser - KP North,94.74
2019,Kaiser,San Diego,Kaiser - San Diego,92.63
2019,Kern,Kern,Kern - Kern,57.37
2019,LA Care,Los Angeles,LA Care - Los Angeles,66.84
2019,Molina,Imperial,Molina - Imperial,61.58
2019,Molina,Riverside/San Bernardino,Molina - Riverside/San Bernardino,52.11
2019,Molina,Sacramento,Molina - Sacramento,46.84
2019,Molina,San Diego,Molina - San Diego,68.95
2019,Partnership,Northeast,Partnership - Northeast,51.05
2019,Partnership,Northwest,Partnership - Northwest,45.79
2019,Partnership,Southeast,Partnership - Southeast,78.42
2019,Partnership,Southwest,Partnership - Southwest,73.16
2019,SCFHP,Santa Clara,SCFHP - Santa Clara,65.79
2019,SFHP,San Francisco,SFHP - San Francisco,86.32
2020,AAH,Alameda,AAH - Alameda,78.89
2020,Aetna,Sacramento,Aetna - Sacramento,31.33
2020,Aetna,San Diego,Aetna - San Diego,31.88
2020,Anthem,Alameda,Anthem - Alameda,53.89
2020,Anthem,Contra Costa,Anthem - Contra Costa,53.89
2020,Anthem,Fresno,Anthem - Fresno,42.22
2020,Anthem,Kings,Anthem - Kings,52.22
2020,Anthem,Madera,Anthem - Madera,54.44
2020,Anthem,Region 1,Anthem - Region 1,46.67
2020,Anthem,Region 2,Anthem - Region 2,47.22
2020,Anthem,Sacramento,Anthem - Sacramento,55.56
2020,Anthem,San Benito,Anthem - San Benito,40.56
2020,Anthem,San Francisco,Anthem - San Francisco,60.0
2020,Anthem,Santa Clara,Anthem - Santa Clara,54.44
2020,Anthem,Tulare,Anthem - Tulare,61.11
2020,Blue Shield,San Diego,Blue Shield - San Diego,66.67
2020,CalOptima,Orange,CalOptima - Orange,83.89
2020,CalViva,Fresno,CalViva - Fresno,58.33
2020,CalViva,Kings,CalViva - Kings,67.78
2020,CalViva,Madera,CalViva - Madera,76.67
2020,CCAH,Merced,CCAH - Merced,58.89
2020,CCAH,Monterey/Santa Cruz,CCAH - Monterey/Santa Cruz,78.89
2020,CCHP,Contra Costa,CCHP - Contra Costa,82.78
2020,CenCal,San Luis Obispo,CenCal - San Luis Obispo,80.0
2020,CenCal,Santa Barbara,CenCal - Santa Barbara,80.0
2020,CH&W,Imperial,CH&W - Imperial,70.0
2020,CH&W,Region 1,CH&W - Region 1,51.11
2020,CH&W,Region 2,CH&W - Region 2,49.44
2020,CHG,San Diego,CHG - San Diego,82.22
2020,GCHP,Ventura,GCHP - Ventura,70.56
2020,Health Net,Kern,Health Net - Kern,42.78
2020,Health Net,Los Angeles,Health Net - Los Angeles,60.0
2020,Health Net,Sacramento,Health Net - Sacramento,59.44
2020,Health Net,San Diego,Health Net - San Diego,63.89
2020,Health Net,San Joaquin,Health Net - San Joaquin,49.44
2020,Health Net,Stanislaus,Health Net - Stanislaus,50.0
2020,Health Net,Tulare,Health Net - Tulare,70.0
2020,HPSJ,San Joaquin,HPSJ - San Joaquin,59.44
2020,HPSJ,Stanislaus,HPSJ - Stanislaus,54.44
2020,HPSM,San Mateo,HPSM - San Mateo,75.56
2020,IEHP,Riverside/San Bernardino,IEHP - Riverside/San Bernardino,65.0
2020,Kaiser,KP North,Kaiser - KP North,94.44
2020,Kaiser,San Diego,Kaiser - San Diego,93.89
2020,Kern,Kern,Kern - Kern,37.22
2020,LA Care,Los Angeles,LA Care - Los Angeles,72.22
2020,Molina,Imperial,Molina - Imperial,70.56
2020,Molina,Riverside/San Bernardino,Molina - Riverside/San Bernardino,57.22
2020,Molina,Sacramento,Molina - Sacramento,49.44
2020,Molina,San Diego,Molina - San Diego,76.67
2020,Partnership,Northeast,Partnership - Northeast,52.78
2020,Partnership,Northwest,Partnership - Northwest,55.0
2020,Partnership,Southeast,Partnership - Southeast,80.56
2020,Partnership,Southwest,Partnership - Southwest,75.56
2020,SCFHP,Santa Clara,SCFHP - Santa Clara,77.78
2020,SFHP,San Francisco,SFHP - San Francisco,87.78
2020,United,San Diego,United - San Diego,56.88
2021,AAH,Alameda,AAH - Alameda,62.63
2021,Aetna,Sacramento,Aetna - Sacramento,26.0
2021,Aetna,San Diego,Aetna - San Diego,27.5
2021,Anthem,Alameda,Anthem - Alameda,50.53
2021,Anthem,Contra Costa,Anthem - Contra Costa,44.38
2021,Anthem,Fresno,Anthem - Fresno,42.11
2021,Anthem,Kings,Anthem - Kings,56.25
2021,Anthem,Madera,Anthem - Madera,56.88
2021,Anthem,Region 1,Anthem - Region 1,45.26
2021,Anthem,Region 2,Anthem - Region 2,43.16
2021,Anthem,Sacramento,Anthem - Sacramento,58.95
2021,Anthem,San Benito,Anthem - San Benito,41.33
2021,Anthem,San Francisco,Anthem - San Francisco,43.13
2021,Anthem,Santa Clara,Anthem - Santa Clara,45.79
2021,Anthem,Tulare,Anthem - Tulare,63.68
2021,Blue Shield,San Diego,Blue Shield - San Diego,62.63
2021,CalOptima,Orange,CalOptima - Orange,71.05
2021,CalViva,Fresno,CalViva - Fresno,47.89
2021,CalViva,Kings,CalViva - Kings,58.13
2021,CalViva,Madera,CalViva - Madera,68.42
2021,CCAH,Merced,CCAH - Merced,56.67
2021,CCAH,Monterey/Santa Cruz,CCAH - Monterey/Santa Cruz,78.75
2021,CCHP,Contra Costa,CCHP - Contra Costa,72.63
2021,CenCal,San Luis Obispo,CenCal - San Luis Obispo,75.26
2021,CenCal,Santa Barbara,CenCal - Santa Barbara,64.21
2021,CH&W,Imperial,CH&W - Imperial,56.32
2021,CH&W,Region 1,CH&W - Region 1,46.84
2021,CH&W,Region 2,CH&W - Region 2,41.58
2021,CHG,San Diego,CHG - San Diego,70.0
2021,GCHP,Ventura,GCHP - Ventura,57.33
2021,Health Net,Kern,Health Net - Kern,34.21
2021,Health Net,Los Angeles,Health Net - Los Angeles,52.63
2021,Health Net,Sacramento,Health Net - Sacramento,56.84
2021,Health Net,San Diego,Health Net - San Diego,55.26
2021,Health Net,San Joaquin,Health Net - San Joaquin,45.63
2021,Health Net,Stanislaus,Health Net - Stanislaus,47.89
2021,Health Net,Tulare,Health Net - Tulare,67.89
2021,HPSJ,San Joaquin,HPSJ - San Joaquin,45.63
2021,HPSJ,Stanislaus,HPSJ - Stanislaus,41.88
2021,HPSM,San Mateo,HPSM - San Mateo,65.79
2021,IEHP,Riverside/San Bernardino,IEHP - Riverside/San Bernardino,63.16
2021,Kaiser,KP North,Kaiser - KP North,74.21
2021,Kaiser,San Diego,Kaiser - San Diego,89.47
2021,Kern,Kern,Kern - Kern,27.33
2021,LA Care,Los Angeles,LA Care - Los Angeles,59.47
2021,Molina,Imperial,Molina - Imperial,60.0
2021,Molina,Riverside/San Bernardino,Molina - Riverside/San Bernardino,40.0
2021,Molina,Sacramento,Molina - Sacramento,50.0
2021,Molina,San Diego,Molina - San Diego,68.0
2021,Partnership,Northeast,Partnership - Northeast,41.58
2021,Partnership,Northwest,Partnership - Northwest,43.68
2021,Partnership,Southeast,Partnership - Southeast,56.32
2021,Partnership,Southwest,Partnership - Southwest,61.05
2021,SCFHP,Santa Clara,SCFHP - Santa Clara,68.42
2021,SFHP,San Francisco,SFHP - San Francisco,73.75
2021,United,San Diego,United - San Diego,51.88
2022,AAH,Alameda,AAH - Alameda,74.67
2022,Aetna,Sacramento,Aetna - Sacramento,38.0
2022,Aetna,San Diego,Aetna - San Diego,44.67
2022,Anthem,Alameda,Anthem - Alameda,63.33
2022,Anthem,Contra Costa,Anthem - Contra Costa,53.33
2022,Anthem,Fresno,Anthem - Fresno,49.33
2022,Anthem,Kings,Anthem - Kings,64.67
2022,Anthem,Madera,Anthem - Madera,73.33
2022,Anthem,Region 1,Anthem - Region 1,54.0
2022,Anthem,Region 2,Anthem - Region 2,51.33
2022,Anthem,Sacramento,Anthem - Sacramento,60.0
2022,Anthem,San Benito,Anthem - San Benito,58.0
2022,Anthem,San Francisco,Anthem - San Francisco,54.0
2022,Anthem,Santa Clara,Anthem - Santa Clara,59.33
2022,Anthem,Tulare,Anthem - Tulare,71.33
2022,Blue Shield,San Diego,Blue Shield - San Diego,61.33
2022,CalOptima,Orange,CalOptima - Orange,82.67
2022,CalViva,Fresno,CalViva - Fresno,58.67
2022,CalViva,Kings,CalViva - Kings,70.67
2022,CalViva,Madera,CalViva - Madera,80.67
2022,CCAH,Merced,CCAH - Merced,52.67
2022,CCAH,Monterey/Santa Cruz,CCAH - Monterey/Santa Cruz,80.67
2022,CCHP,Contra Costa,CCHP - Contra Costa,82.0
2022,CenCal,San Luis Obispo,CenCal - San Luis Obispo,82.67
2022,CenCal,Santa Barbara,CenCal - Santa Barbara,79.33
2022,CH&W,Imperial,CH&W - Imperial,60.67
2022,CH&W,Region 1,CH&W - Region 1,52.0
2022,CH&W,Region 2,CH&W - Region 2,45.33
2022,CHG,San Diego,CHG - San Diego,73.33
2022,GCHP,Ventura,GCHP - Ventura,60.0
2022,Health Net,Kern,Health Net - Kern,42.0
2022,Health Net,Los Angeles,Health Net - Los Angeles,57.33
2022,Health Net,Sacramento,Health Net - Sacramento,57.33
2022,Health Net,San Diego,Health Net - San Diego,57.33
2022,Health Net,San Joaquin,Health Net - San Joaquin,36.0
2022,Health Net,Stanislaus,Health Net - Stanislaus,30.0
2022,Health Net,Tulare,Health Net - Tulare,72.0
2022,HPSJ,San Joaquin,HPSJ - San Joaquin,56.67
2022,HPSJ,Stanislaus,HPSJ - Stanislaus,44.67
2022,HPSM,San Mateo,HPSM - San Mateo,76.67
2022,IEHP,Riverside/San Bernardino,IEHP - Riverside/San Bernardino,58.0
2022,Kaiser,KP North,Kaiser - KP North,85.33
2022,Kaiser,San Diego,Kaiser - San Diego,90.0
2022,Kern,Kern,Kern - Kern,45.33
2022,LA Care,Los Angeles,LA Care - Los Angeles,67.33
2022,Molina,Imperial,Molina - Imperial,46.0
2022,Molina,Riverside/San Bernardino,Molina - Riverside/San Bernardino,38.0
2022,Molina,Sacramento,Molina - Sacramento,47.33
2022,Molina,San Diego,Molina - San Diego,65.33
2022,Partnership,Northeast,Partnership - Northeast,40.67
2022,Partnership,Northwest,Partnership - Northwest,40.67
2022,Partnership,Southeast,Partnership - Southeast,64.67
2022,Partnership,Southwest,Partnership - Southwest,66.0
2022,SCFHP,Santa Clara,SCFHP - Santa Clara,74.67
2022,SFHP,San Francisco,SFHP - San Francisco,82.0
2022,United,San Diego,United - San Diego,52.67
2023,AAH,Alameda,AAH - Alameda,68.67
2023,Aetna,Sacramento,Aetna - Sacramento,32.0
2023,Aetna,San Diego,Aetna - San Diego,35.33
2023,Anthem,Alameda,Anthem - Alameda,55.33
2023,Anthem,Contra Costa,Anthem - Contra Costa,50.67
2023,Anthem,Fresno,Anthem - Fresno,44.67
2023,Anthem,Kings,Anthem - Kings,58.0
2023,Anthem,Madera,Anthem - Madera,64.67
2023,Anthem,Region 1,Anthem - Region 1,55.33
2023,Anthem,Region 2,Anthem - Region 2,44.67
2023,Anthem,Sacramento,Anthem - Sacramento,50.67
2023,Anthem,San Benito,Anthem - San Benito,66.67
2023,Anthem,San Francisco,Anthem - San Francisco,55.33
2023,Anthem,Santa Clara,Anthem - Santa Clara,54.0
2023,Anthem,Tulare,Anthem - Tulare,73.33
2023,Blue Shield,San Diego,Blue Shield - San Diego,63.33
2023,CalOptima,Orange,CalOptima - Orange,73.33
2023,CalViva,Fresno,CalViva - Fresno,53.33
2023,CalViva,Kings,CalViva - Kings,62.67
2023,CalViva,Madera,CalViva - Madera,77.33
2023,CCAH,Merced,CCAH - Merced,51.33
2023,CCAH,Monterey/Santa Cruz,CCAH - Monterey/Santa Cruz,90.0
2023,CCHP,Contra Costa,CCHP - Contra Costa,81.33
2023,CenCal,San Luis Obispo,CenCal - San Luis Obispo,74.0
2023,CenCal,Santa Barbara,CenCal - Santa Barbara,79.33
2023,CH&W,Imperial,CH&W - Imperial,66.67
2023,CH&W,Region 1,CH&W - Region 1,56.0
2023,CH&W,Region 2,CH&W - Region 2,44.0
2023,CHG,San Diego,CHG - San Diego,66.43
2023,GCHP,Ventura,GCHP - Ventura,60.67
2023,Health Net,Kern,Health Net - Kern,29.33
2023,Health Net,Los Angeles,Health Net - Los Angeles,52.0
2023,Health Net,Sacramento,Health Net - Sacramento,52.0
2023,Health Net,San Diego,Health Net - San Diego,52.0
2023,Health Net,San Joaquin,Health Net - San Joaquin,32.67
2023,Health Net,Stanislaus,Health Net - Stanislaus,28.67
2023,Health Net,Tulare,Health Net - Tulare,72.67
2023,HPSJ,San Joaquin,HPSJ - San Joaquin,52.67
2023,HPSJ,Stanislaus,HPSJ - Stanislaus,40.0
2023,HPSM,San Mateo,HPSM - San Mateo,80.0
2023,IEHP,Riverside/San Bernardino,IEHP - Riverside/San Bernardino,62.67
2023,Kaiser,KP North,Kaiser - KP North,84.67
2023,Kaiser,San Diego,Kaiser - San Diego,85.33
2023,Kern,Kern,Kern - Kern,43.33
2023,LA Care,Los Angeles,LA Care - Los Angeles,59.33
2023,Molina,Imperial,Molina - Imperial,48.67
2023,Molina,Riverside/San Bernardino,Molina - Riverside/San Bernardino,28.0
2023,Molina,Sacramento,Molina - Sacramento,42.67
2023,Molina,San Diego,Molina - San Diego,63.33
2023,Partnership,Northeast,Partnership - Northeast,40.67
2023,Partnership,Northwest,Partnership - Northwest,45.33
2023,Partnership,Southeast,Partnership - Southeast,62.0
2023,Partnership,Southwest,Partnership - Southwest,68.0
2023,SCFHP,Santa Clara,SCFHP - Santa Clara,73.33
2023,SFHP,San Francisco,SFHP - San Francisco,80.0
2023,United,San Diego,United - San Diego,26.67
2016,Statewide Average,All California,Statewide Average,55.455
2017,Statewide Average,All California,Statewide Average,61.632
2018,Statewide Average,All California,Statewide Average,63.818
2019,Statewide Average,All California,Statewide Average,61.976
2020,Statewide Average,All California,Statewide Average,62.67
2021,Statewide Average,All California,Statewide Average,54.951
2022,Statewide Average,All California,Statewide Average,60.464
2023,Statewide Average,All California,Statewide Average,57.412
