Quarter,Grievance Type Roll-up,Grievance Type,Grievances
2023Q1,Access to Care,Barriers / Impeded Access to Labor And Delivery Doula Services,1
2023Q1,Access to Care,Barriers / Impeded Access to Postpartum Doula Services,0
2023Q1,Access to Care,Barriers / Impeded Access to Prenatal Doula Services,1
2023Q1,Access to Care,Continuity Of Care,2065
2023Q1,Access to Care,Geographic Access,1806
2023Q1,Access to Care,Language Access,614
2023Q1,Access to Care,LTC (Long Term Care) -Timely Access,7
2023Q1,Access to Care,Physical Access,892
2023Q1,Access to Care,Provider Availability,17289
2023Q1,Access to Care,Rural Member Denied Out of Network Request,1
2023Q1,Access to Care,Timely Access,12225
2023Q1,Access to Care,Transportation,0
2023Q1,Compliance,Abuse / Neglect / Exploitation,124
2023Q1,Compliance,Assault / Harassment,203
2023Q1,Compliance,Authorization,5402
2023Q1,Compliance,Disability Discrimination,124
2023Q1,Compliance,Discrimination,921
2023Q1,Compliance,Expedited Appeal Request Denied,8
2023Q1,Compliance,Fraud / Waste / Abuse,231
2023Q1,Compliance,PHI / Confidentiality / HIPAA,584
2023Q1,Compliance,Plan's Failure to Meet Timeframes for Resolution,21
2023Q1,Compliance,Plan's Reduction / Suspension / Termination of Previously Authorized Service,13
2023Q1,Compliance,Timely Response To Auth / Appeal Request,644
2023Q1,Coverage,Billing,0
2023Q1,Coverage,Denial of Payment Request,4996
2023Q1,Coverage,Denial of Request to Dispute Financial Liability,4088
2023Q1,Coverage,Eligibility,2303
2023Q1,Coverage,Enrollment,4332
2023Q1,Coverage,Provider Balance Billing,3405
2023Q1,Coverage,Provider Direct Member Billing,1121
2023Q1,Quality of Care,Inappropriate Care,4522
2023Q1,Quality of Care,LTC (Long Term Care) -Facility/Provider grievances,12
2023Q1,Quality of Care,Quality of Care,13323
2023Q1,Quality of Service,Case Management / Care Coordination,11686
2023Q1,Quality of Service,LTC (Long Term Care) - Other,2
2023Q1,Quality of Service,Member Informing Materials,2173
2023Q1,Quality of Service,Plan Customer Service,13083
2023Q1,Quality of Service,Provider / Staff Attitude,20611
2023Q1,Quality of Service,Technology / Telephone,4767
2023Q1,Referral,Out-of-Network,745
2023Q1,Referral,Referral,7058
2023Q1,Transportation,Driver Punctuality,4129
2023Q1,Transportation,Injury,391
2023Q1,Transportation,LTC (Long Term Care) -Transportation,7
2023Q1,Transportation,Scheduling,970
2023Q1,Transportation,Vehicle,432
2023Q2,Access to Care,Barriers / Impeded Access to Labor And Delivery Doula Services,0
2023Q2,Access to Care,Barriers / Impeded Access to Postpartum Doula Services,0
2023Q2,Access to Care,Barriers / Impeded Access to Prenatal Doula Services,0
2023Q2,Access to Care,Continuity Of Care,1736
2023Q2,Access to Care,Geographic Access,1592
2023Q2,Access to Care,Language Access,753
2023Q2,Access to Care,LTC (Long Term Care) -Timely Access,12
2023Q2,Access to Care,Physical Access,926
2023Q2,Access to Care,Provider Availability,17806
2023Q2,Access to Care,Rural Member Denied Out of Network Request,2
2023Q2,Access to Care,Timely Access,13406
2023Q2,Access to Care,Transportation,0
2023Q2,Compliance,Abuse / Neglect / Exploitation,120
2023Q2,Compliance,Assault / Harassment,222
2023Q2,Compliance,Authorization,5849
2023Q2,Compliance,Disability Discrimination,117
2023Q2,Compliance,Discrimination,1189
2023Q2,Compliance,Expedited Appeal Request Denied,7
2023Q2,Compliance,Fraud / Waste / Abuse,286
2023Q2,Compliance,PHI / Confidentiality / HIPAA,613
2023Q2,Compliance,Plan's Failure to Meet Timeframes for Resolution,42
2023Q2,Compliance,Plan's Reduction / Suspension / Termination of Previously Authorized Service,6
2023Q2,Compliance,Timely Response To Auth / Appeal Request,820
2023Q2,Coverage,Billing,0
2023Q2,Coverage,Denial of Payment Request,4721
2023Q2,Coverage,Denial of Request to Dispute Financial Liability,4248
2023Q2,Coverage,Eligibility,2292
2023Q2,Coverage,Enrollment,4545
2023Q2,Coverage,Provider Balance Billing,3859
2023Q2,Coverage,Provider Direct Member Billing,914
2023Q2,Quality of Care,Inappropriate Care,4690
2023Q2,Quality of Care,LTC (Long Term Care) -Facility/Provider grievances,50
2023Q2,Quality of Care,Quality of Care,12011
2023Q2,Quality of Service,Case Management / Care Coordination,13476
2023Q2,Quality of Service,LTC (Long Term Care) - Other,15
2023Q2,Quality of Service,Member Informing Materials,2634
2023Q2,Quality of Service,Plan Customer Service,13237
2023Q2,Quality of Service,Provider / Staff Attitude,22902
2023Q2,Quality of Service,Technology / Telephone,5046
2023Q2,Referral,Out-of-Network,761
2023Q2,Referral,Referral,7839
2023Q2,Transportation,Driver Punctuality,4066
2023Q2,Transportation,Injury,574
2023Q2,Transportation,LTC (Long Term Care) -Transportation,17
2023Q2,Transportation,Scheduling,890
2023Q2,Transportation,Vehicle,572
2023Q3,Access to Care,Barriers / Impeded Access to Labor And Delivery Doula Services,3
2023Q3,Access to Care,Barriers / Impeded Access to Postpartum Doula Services,0
2023Q3,Access to Care,Barriers / Impeded Access to Prenatal Doula Services,0
2023Q3,Access to Care,Continuity Of Care,1393
2023Q3,Access to Care,Geographic Access,1446
2023Q3,Access to Care,Language Access,767
2023Q3,Access to Care,LTC (Long Term Care) -Timely Access,29
2023Q3,Access to Care,Physical Access,734
2023Q3,Access to Care,Provider Availability,18056
2023Q3,Access to Care,Rural Member Denied Out of Network Request,1
2023Q3,Access to Care,Timely Access,13465
2023Q3,Access to Care,Transportation,0
2023Q3,Compliance,Abuse / Neglect / Exploitation,154
2023Q3,Compliance,Assault / Harassment,174
2023Q3,Compliance,Authorization,5718
2023Q3,Compliance,Disability Discrimination,146
2023Q3,Compliance,Discrimination,1182
2023Q3,Compliance,Expedited Appeal Request Denied,7
2023Q3,Compliance,Fraud / Waste / Abuse,302
2023Q3,Compliance,PHI / Confidentiality / HIPAA,619
2023Q3,Compliance,Plan's Failure to Meet Timeframes for Resolution,41
2023Q3,Compliance,Plan's Reduction / Suspension / Termination of Previously Authorized Service,3
2023Q3,Compliance,Timely Response To Auth / Appeal Request,863
2023Q3,Coverage,Billing,0
2023Q3,Coverage,Denial of Payment Request,4354
2023Q3,Coverage,Denial of Request to Dispute Financial Liability,9761
2023Q3,Coverage,Eligibility,2606
2023Q3,Coverage,Enrollment,4406
2023Q3,Coverage,Provider Balance Billing,5500
2023Q3,Coverage,Provider Direct Member Billing,1114
2023Q3,Quality of Care,Inappropriate Care,4135
2023Q3,Quality of Care,LTC (Long Term Care) -Facility/Provider grievances,53
2023Q3,Quality of Care,Quality of Care,11071
2023Q3,Quality of Service,Case Management / Care Coordination,13860
2023Q3,Quality of Service,LTC (Long Term Care) - Other,12
2023Q3,Quality of Service,Member Informing Materials,2516
2023Q3,Quality of Service,Plan Customer Service,13971
2023Q3,Quality of Service,Provider / Staff Attitude,22159
2023Q3,Quality of Service,Technology / Telephone,5404
2023Q3,Referral,Out-of-Network,739
2023Q3,Referral,Referral,7219
2023Q3,Transportation,Driver Punctuality,3925
2023Q3,Transportation,Injury,383
2023Q3,Transportation,LTC (Long Term Care) -Transportation,34
2023Q3,Transportation,Scheduling,901
2023Q3,Transportation,Vehicle,688
2023Q4,Access to Care,Barriers / Impeded Access to Labor And Delivery Doula Services,2
2023Q4,Access to Care,Barriers / Impeded Access to Postpartum Doula Services,0
2023Q4,Access to Care,Barriers / Impeded Access to Prenatal Doula Services,0
2023Q4,Access to Care,Continuity Of Care,855
2023Q4,Access to Care,Geographic Access,1259
2023Q4,Access to Care,Language Access,662
2023Q4,Access to Care,LTC (Long Term Care) -Timely Access,22
2023Q4,Access to Care,Physical Access,788
2023Q4,Access to Care,Provider Availability,14218
2023Q4,Access to Care,Rural Member Denied Out of Network Request,0
2023Q4,Access to Care,Timely Access,11605
2023Q4,Access to Care,Transportation,0
2023Q4,Compliance,Abuse / Neglect / Exploitation,109
2023Q4,Compliance,Assault / Harassment,151
2023Q4,Compliance,Authorization,5272
2023Q4,Compliance,Disability Discrimination,114
2023Q4,Compliance,Discrimination,1095
2023Q4,Compliance,Expedited Appeal Request Denied,13
2023Q4,Compliance,Fraud / Waste / Abuse,264
2023Q4,Compliance,PHI / Confidentiality / HIPAA,467
2023Q4,Compliance,Plan's Failure to Meet Timeframes for Resolution,21
2023Q4,Compliance,Plan's Reduction / Suspension / Termination of Previously Authorized Service,7
2023Q4,Compliance,Timely Response To Auth / Appeal Request,871
2023Q4,Coverage,Billing,0
2023Q4,Coverage,Denial of Payment Request,3227
2023Q4,Coverage,Denial of Request to Dispute Financial Liability,5332
2023Q4,Coverage,Eligibility,2735
2023Q4,Coverage,Enrollment,3138
2023Q4,Coverage,Provider Balance Billing,5450
2023Q4,Coverage,Provider Direct Member Billing,1182
2023Q4,Quality of Care,Inappropriate Care,3646
2023Q4,Quality of Care,LTC (Long Term Care) -Facility/Provider grievances,74
2023Q4,Quality of Care,Quality of Care,9621
2023Q4,Quality of Service,Case Management / Care Coordination,12087
2023Q4,Quality of Service,LTC (Long Term Care) - Other,6
2023Q4,Quality of Service,Member Informing Materials,2611
2023Q4,Quality of Service,Plan Customer Service,11508
2023Q4,Quality of Service,Provider / Staff Attitude,17828
2023Q4,Quality of Service,Technology / Telephone,4662
2023Q4,Referral,Out-of-Network,587
2023Q4,Referral,Referral,5781
2023Q4,Transportation,Driver Punctuality,3989
2023Q4,Transportation,Injury,81
2023Q4,Transportation,LTC (Long Term Care) -Transportation,39
2023Q4,Transportation,Scheduling,1007
2023Q4,Transportation,Vehicle,577
