Plan,Month,"PCPs per 2,000 Members","Physicians per 1,200 Members"
AAH,2023-02-01,3,65
AAH,2023-03-01,3,64
AAH,2023-04-01,3,63
AAH,2023-05-01,3,62
AAH,2023-06-01,3,62
AAH,2023-07-01,3,62
AAH,2023-08-01,3,64
AAH,2023-09-01,3,65
AAH,2023-10-01,3,65
AAH,2023-11-01,3,66
AAH,2023-12-01,3,66
AAH,2024-01-01,3,25
Aetna,2023-02-01,22,90
Aetna,2023-03-01,23,88
Aetna,2023-04-01,22,87
Aetna,2023-05-01,22,86
Aetna,2023-06-01,22,92
Aetna,2023-07-01,22,92
Aetna,2023-08-01,23,93
Aetna,2023-09-01,23,94
Aetna,2023-10-01,24,99
Aetna,2023-11-01,26,105
Aetna,2023-12-01,29,116
Aetna,2024-01-01,0,0
AHF,2023-02-01,47,2067
AHF,2023-03-01,51,2081
AHF,2023-04-01,46,2066
AHF,2023-05-01,46,2140
AHF,2023-06-01,45,2129
AHF,2023-07-01,47,2100
AHF,2023-08-01,47,2175
AHF,2023-09-01,49,2170
AHF,2023-10-01,47,2220
AHF,2023-11-01,49,2208
AHF,2023-12-01,51,2185
AHF,2024-01-01,51,2163
Anthem,2023-02-01,4,20
Anthem,2023-03-01,4,20
Anthem,2023-04-01,4,18
Anthem,2023-05-01,4,20
Anthem,2023-06-01,4,20
Anthem,2023-07-01,4,20
Anthem,2023-08-01,4,19
Anthem,2023-09-01,4,20
Anthem,2023-10-01,5,21
Anthem,2023-11-01,5,22
Anthem,2023-12-01,5,23
Anthem,2024-01-01,6,29
Blue Shield,2023-02-01,9,35
Blue Shield,2023-03-01,9,34
Blue Shield,2023-04-01,8,32
Blue Shield,2023-05-01,9,31
Blue Shield,2023-06-01,8,32
Blue Shield,2023-07-01,8,32
Blue Shield,2023-08-01,8,31
Blue Shield,2023-09-01,8,32
Blue Shield,2023-10-01,8,32
Blue Shield,2023-11-01,7,31
Blue Shield,2023-12-01,7,29
Blue Shield,2024-01-01,5,23
CalOptima,2023-02-01,8,21
CalOptima,2023-03-01,8,21
CalOptima,2023-04-01,8,20
CalOptima,2023-05-01,8,20
CalOptima,2023-06-01,8,21
CalOptima,2023-07-01,8,21
CalOptima,2023-08-01,8,21
CalOptima,2023-09-01,8,21
CalOptima,2023-10-01,8,22
CalOptima,2023-11-01,8,23
CalOptima,2023-12-01,8,23
CalOptima,2024-01-01,2,8
CalViva,2023-02-01,2,5
CalViva,2023-03-01,2,5
CalViva,2023-04-01,2,5
CalViva,2023-05-01,2,5
CalViva,2023-06-01,2,5
CalViva,2023-07-01,2,5
CalViva,2023-08-01,2,5
CalViva,2023-09-01,2,6
CalViva,2023-10-01,2,5
CalViva,2023-11-01,2,6
CalViva,2023-12-01,0,1
CalViva,2024-01-01,2,6
CCAH,2023-02-01,3,35
CCAH,2023-03-01,3,35
CCAH,2023-04-01,2,35
CCAH,2023-05-01,2,35
CCAH,2023-06-01,2,35
CCAH,2023-07-01,2,35
CCAH,2023-08-01,2,37
CCAH,2023-09-01,2,37
CCAH,2023-10-01,3,38
CCAH,2023-11-01,3,39
CCAH,2023-12-01,3,39
CCAH,2024-01-01,2,36
CCHP,2023-02-01,9,42
CCHP,2023-03-01,9,41
CCHP,2023-04-01,9,41
CCHP,2023-05-01,9,40
CCHP,2023-06-01,8,40
CCHP,2023-07-01,8,41
CCHP,2023-08-01,8,41
CCHP,2023-09-01,7,40
CCHP,2023-10-01,26,71
CCHP,2023-11-01,27,72
CCHP,2023-12-01,27,73
CCHP,2024-01-01,2,23
CenCal,2023-02-01,3,25
CenCal,2023-03-01,3,25
CenCal,2023-04-01,3,24
CenCal,2023-05-01,3,24
CenCal,2023-06-01,2,24
CenCal,2023-07-01,2,24
CenCal,2023-08-01,2,24
CenCal,2023-09-01,2,24
CenCal,2023-10-01,2,25
CenCal,2023-11-01,2,26
CenCal,2023-12-01,2,26
CenCal,2024-01-01,2,25
CH&W,2023-02-01,22,52
CH&W,2023-03-01,21,51
CH&W,2023-04-01,22,52
CH&W,2023-05-01,22,52
CH&W,2023-06-01,18,43
CH&W,2023-07-01,22,52
CH&W,2023-08-01,22,52
CH&W,2023-09-01,23,53
CH&W,2023-10-01,23,55
CH&W,2023-11-01,24,56
CH&W,2023-12-01,0,1
CH&W,2024-01-01,0,0
CHG,2023-02-01,5,14
CHG,2023-03-01,5,13
CHG,2023-04-01,5,13
CHG,2023-05-01,5,13
CHG,2023-06-01,5,13
CHG,2023-07-01,5,13
CHG,2023-08-01,5,13
CHG,2023-09-01,5,13
CHG,2023-10-01,5,14
CHG,2023-11-01,5,14
CHG,2023-12-01,5,14
CHG,2024-01-01,5,12
CHPIV,2023-02-01,0,0
CHPIV,2023-03-01,0,0
CHPIV,2023-04-01,0,0
CHPIV,2023-05-01,0,0
CHPIV,2023-06-01,0,0
CHPIV,2023-07-01,0,0
CHPIV,2023-08-01,0,0
CHPIV,2023-09-01,0,0
CHPIV,2023-10-01,0,0
CHPIV,2023-11-01,0,0
CHPIV,2023-12-01,0,0
CHPIV,2024-01-01,18,51
Family Mosaic Project,2023-02-01,0,450
Family Mosaic Project,2023-03-01,0,360
Family Mosaic Project,2023-04-01,0,360
Family Mosaic Project,2023-05-01,0,360
Family Mosaic Project,2023-06-01,0,327
Family Mosaic Project,2023-07-01,0,300
Family Mosaic Project,2023-08-01,0,450
Family Mosaic Project,2023-09-01,0,600
Family Mosaic Project,2023-10-01,0,600
Family Mosaic Project,2023-11-01,0,600
Family Mosaic Project,2023-12-01,0,600
Family Mosaic Project,2024-01-01,0,0
FFS,2023-02-01,0,0
FFS,2023-03-01,0,0
FFS,2023-04-01,0,0
FFS,2023-05-01,0,0
FFS,2023-06-01,0,0
FFS,2023-07-01,0,0
FFS,2023-08-01,0,0
FFS,2023-09-01,0,0
FFS,2023-10-01,0,0
FFS,2023-11-01,0,0
FFS,2023-12-01,0,0
FFS,2024-01-01,0,0
GCHP,2023-02-01,22,81
GCHP,2023-03-01,22,81
GCHP,2023-04-01,22,76
GCHP,2023-05-01,22,77
GCHP,2023-06-01,22,77
GCHP,2023-07-01,22,78
GCHP,2023-08-01,22,79
GCHP,2023-09-01,23,81
GCHP,2023-10-01,23,83
GCHP,2023-11-01,23,86
GCHP,2023-12-01,24,88
GCHP,2024-01-01,2,30
Health Net,2023-02-01,5,9
Health Net,2023-03-01,5,9
Health Net,2023-04-01,5,9
Health Net,2023-05-01,5,10
Health Net,2023-06-01,5,10
Health Net,2023-07-01,5,10
Health Net,2023-08-01,5,10
Health Net,2023-09-01,5,10
Health Net,2023-10-01,5,10
Health Net,2023-11-01,5,10
Health Net,2023-12-01,5,8
Health Net,2024-01-01,6,10
HPSJ,2023-02-01,2,6
HPSJ,2023-03-01,1,6
HPSJ,2023-04-01,1,6
HPSJ,2023-05-01,1,6
HPSJ,2023-06-01,1,32
HPSJ,2023-07-01,1,32
HPSJ,2023-08-01,1,32
HPSJ,2023-09-01,2,33
HPSJ,2023-10-01,2,34
HPSJ,2023-11-01,2,36
HPSJ,2023-12-01,2,35
HPSJ,2024-01-01,2,4
HPSM,2023-02-01,3,115
HPSM,2023-03-01,3,115
HPSM,2023-04-01,3,114
HPSM,2023-05-01,3,114
HPSM,2023-06-01,3,113
HPSM,2023-07-01,3,113
HPSM,2023-08-01,3,114
HPSM,2023-09-01,3,118
HPSM,2023-10-01,3,122
HPSM,2023-11-01,3,125
HPSM,2023-12-01,4,128
HPSM,2024-01-01,2,63
IEHP,2023-02-01,5,11
IEHP,2023-03-01,5,10
IEHP,2023-04-01,5,10
IEHP,2023-05-01,5,10
IEHP,2023-06-01,5,10
IEHP,2023-07-01,5,10
IEHP,2023-08-01,5,10
IEHP,2023-09-01,2,3
IEHP,2023-10-01,5,11
IEHP,2023-11-01,5,11
IEHP,2023-12-01,5,11
IEHP,2024-01-01,2,3
Kaiser,2023-02-01,52,123
Kaiser,2023-03-01,52,123
Kaiser,2023-04-01,51,121
Kaiser,2023-05-01,50,121
Kaiser,2023-06-01,50,121
Kaiser,2023-07-01,49,121
Kaiser,2023-08-01,49,122
Kaiser,2023-09-01,49,124
Kaiser,2023-10-01,54,126
Kaiser,2023-11-01,54,127
Kaiser,2023-12-01,55,129
Kaiser,2024-01-01,11,27
Kern,2023-02-01,15,43
Kern,2023-03-01,15,43
Kern,2023-04-01,15,43
Kern,2023-05-01,15,43
Kern,2023-06-01,15,43
Kern,2023-07-01,15,43
Kern,2023-08-01,15,44
Kern,2023-09-01,15,45
Kern,2023-10-01,16,46
Kern,2023-11-01,16,47
Kern,2023-12-01,16,47
Kern,2024-01-01,1,8
LA Care,2023-02-01,4,12
LA Care,2023-03-01,4,12
LA Care,2023-04-01,4,12
LA Care,2023-05-01,4,12
LA Care,2023-06-01,1,3
LA Care,2023-07-01,4,12
LA Care,2023-08-01,4,12
LA Care,2023-09-01,4,12
LA Care,2023-10-01,4,12
LA Care,2023-11-01,4,13
LA Care,2023-12-01,5,13
LA Care,2024-01-01,3,9
Molina,2023-02-01,4,14
Molina,2023-03-01,4,15
Molina,2023-04-01,4,15
Molina,2023-05-01,4,15
Molina,2023-06-01,5,19
Molina,2023-07-01,5,19
Molina,2023-08-01,4,13
Molina,2023-09-01,5,19
Molina,2023-10-01,5,19
Molina,2023-11-01,5,19
Molina,2023-12-01,5,19
Molina,2024-01-01,0,17
MVHP,2023-02-01,0,0
MVHP,2023-03-01,0,0
MVHP,2023-04-01,0,0
MVHP,2023-05-01,0,0
MVHP,2023-06-01,0,0
MVHP,2023-07-01,0,0
MVHP,2023-08-01,0,0
MVHP,2023-09-01,0,0
MVHP,2023-10-01,0,0
MVHP,2023-11-01,0,0
MVHP,2023-12-01,0,0
MVHP,2024-01-01,95,231
Partnership,2023-02-01,11,39
Partnership,2023-03-01,11,40
Partnership,2023-04-01,11,39
Partnership,2023-05-01,11,39
Partnership,2023-06-01,11,39
Partnership,2023-07-01,11,40
Partnership,2023-08-01,11,40
Partnership,2023-09-01,10,41
Partnership,2023-10-01,12,42
Partnership,2023-11-01,12,43
Partnership,2023-12-01,13,43
Partnership,2024-01-01,2,19
Rady Childrens Hosp,2023-02-01,0,0
Rady Childrens Hosp,2023-03-01,0,0
Rady Childrens Hosp,2023-04-01,0,0
Rady Childrens Hosp,2023-05-01,0,0
Rady Childrens Hosp,2023-06-01,0,0
Rady Childrens Hosp,2023-07-01,0,0
Rady Childrens Hosp,2023-08-01,0,0
Rady Childrens Hosp,2023-09-01,0,0
Rady Childrens Hosp,2023-10-01,0,0
Rady Childrens Hosp,2023-11-01,0,0
Rady Childrens Hosp,2023-12-01,0,0
Rady Childrens Hosp,2024-01-01,0,0
SCAN Health Plan,2023-02-01,368,608
SCAN Health Plan,2023-03-01,368,615
SCAN Health Plan,2023-04-01,380,632
SCAN Health Plan,2023-05-01,383,639
SCAN Health Plan,2023-06-01,376,624
SCAN Health Plan,2023-07-01,378,624
SCAN Health Plan,2023-08-01,381,625
SCAN Health Plan,2023-09-01,383,645
SCAN Health Plan,2023-10-01,388,653
SCAN Health Plan,2023-11-01,384,650
SCAN Health Plan,2023-12-01,369,615
SCAN Health Plan,2024-01-01,364,613
SCFHP,2023-02-01,23,56
SCFHP,2023-03-01,23,56
SCFHP,2023-04-01,22,56
SCFHP,2023-05-01,22,56
SCFHP,2023-06-01,22,56
SCFHP,2023-07-01,21,56
SCFHP,2023-08-01,21,57
SCFHP,2023-09-01,21,58
SCFHP,2023-10-01,24,59
SCFHP,2023-11-01,25,60
SCFHP,2023-12-01,25,61
SCFHP,2024-01-01,5,23
SFHP,2023-02-01,37,96
SFHP,2023-03-01,37,95
SFHP,2023-04-01,36,95
SFHP,2023-05-01,34,89
SFHP,2023-06-01,35,94
SFHP,2023-07-01,35,95
SFHP,2023-08-01,34,96
SFHP,2023-09-01,34,97
SFHP,2023-10-01,39,99
SFHP,2023-11-01,40,99
SFHP,2023-12-01,41,101
SFHP,2024-01-01,6,30
United,2023-02-01,0,0
United,2023-03-01,0,0
United,2023-04-01,0,0
United,2023-05-01,0,0
United,2023-06-01,0,0
United,2023-07-01,0,0
United,2023-08-01,0,0
United,2023-09-01,0,0
United,2023-10-01,0,0
United,2023-11-01,0,0
United,2023-12-01,0,0
United,2024-01-01,0,0
