drg_family,with_CC,with_MCC,without_CC,payment_without_CC,payment_with_CC,payment_with_MCC,cc_uplift,mcc_uplift
ACUTE AND SUBACUTE ENDOCARDITIS,1.5766,2.7313,0.979,6265.599999999999,10090.24,17480.32,3824.6400000000003,11214.720000000001
ACUTE LEUKEMIA,2.1358,5.5269,1.2423,7950.719999999999,13669.12,35372.16,5718.4000000000015,27421.440000000002
ACUTE MAJOR EYE INFECTIONS,,,0.6783,4341.12,,,,
ACUTE MAJOR EYE INFECTIONS WITH CC/MCC,1.1631,,,,7443.84,,,
"ACUTE MYOCARDIAL INFARCTION, DISCHARGED ALIVE",0.9218,1.6415,0.7251,4640.639999999999,5899.5199999999995,10505.6,1258.88,5864.960000000001
"ACUTE MYOCARDIAL INFARCTION, EXPIRED",0.7409,1.9554,0.5613,3592.32,4741.76,12514.56,1149.44,8922.24
ADRENAL AND PITUITARY PROCEDURES,,,1.4329,9170.560000000001,,,,
ADRENAL AND PITUITARY PROCEDURES WITH CC/MCC,2.2788,,,,14584.32,,,
AFTERCARE,,,0.5861,3751.0399999999995,,,,
AFTERCARE WITH CC/MCC,1.0789,,,,6904.96,,,
"AFTERCARE, MUSCULOSKELETAL SYSTEM AND CONNECTIVE TISSUE",1.1388,1.8561,0.8176,5232.64,7288.320000000001,11879.04,2055.6800000000003,6646.400000000001
"ALCOHOL, DRUG ABUSE OR DEPENDENCE WITHOUT REHABILITATION THERAPY",,1.7808,,,,11397.119999999999,,
ALLERGIC REACTIONS,,1.7378,,,,11121.92,,
AMPUTATION FOR CIRCULATORY SYSTEM DISORDERS EXCEPT UPPER LIMB AND TOE,2.912,5.0365,1.5098,9662.72,18636.8,32233.600000000002,8974.08,22570.880000000005
AMPUTATION FOR MUSCULOSKELETAL SYSTEM AND CONNECTIVE TISSUE DISORDERS,2.1571,4.4844,1.163,7443.2,13805.439999999999,28700.16,6362.239999999999,21256.96
"AMPUTATION OF LOWER LIMB FOR ENDOCRINE, NUTRITIONAL AND METABOLIC DISORDERS",1.9322,3.8649,1.245,7968.000000000001,12366.08,24735.36,4398.079999999999,16767.36
ANAL AND STOMAL PROCEDURES,1.2588,2.3666,0.8809,5637.76,8056.32,15146.24,2418.5599999999995,9508.48
AORTIC AND HEART ASSIST PROCEDURES EXCEPT PULSATION BALLOON,,6.6672,,,,42670.08,,
APPENDIX PROCEDURES,1.5133,2.4776,1.1241,7194.240000000001,9685.12,15856.64,2490.88,8662.399999999998
ATHEROSCLEROSIS,,1.1632,,,,7444.4800000000005,,
AUTOLOGOUS BONE MARROW TRANSPLANT,,,6.0355,38627.2,,,,
AUTOLOGOUS BONE MARROW TRANSPLANT WITH CC/MCC,6.0355,,,,38627.2,,,
BACK AND NECK PROCEDURES EXCEPT SPINAL FUSION,1.9717,,1.4331,9171.84,12618.88,,3447.039999999999,
BACK AND NECK PROCEDURES EXCEPT SPINAL FUSION WITH MCC OR DISC DEVICE OR NEUROSTIMULATOR,,3.5838,,,,22936.32,,
BACTERIAL AND TUBERCULOUS INFECTIONS OF NERVOUS SYSTEM,2.397,3.6484,2.397,15340.8,15340.8,23349.760000000002,0.0,8008.960000000003
BENIGN PROSTATIC HYPERTROPHY,,1.2631,,,,8083.839999999999,,
BILATERAL OR MULTIPLE MAJOR JOINT PROCEDURES OF LOWER EXTREMITY,,5.9904,,,,38338.56,,
BILIARY TRACT PROCEDURES EXCEPT ONLY CHOLECYSTECTOMY WITH OR WITHOUT C.D.E.,2.0963,3.5011,1.551,9926.4,13416.32,22407.04,3489.92,12480.640000000001
BIOPSIES OF MUSCULOSKELETAL SYSTEM AND CONNECTIVE TISSUE,2.3384,3.4388,1.7757,11364.48,14965.76,22008.32,3601.2800000000007,10643.84
BONE DISEASES AND ARTHROPATHIES,,1.3063,,,,8360.32,,
"BREAST BIOPSY, LOCAL EXCISION AND OTHER BREAST PROCEDURES",,,1.985,12704.0,,,,
"BREAST BIOPSY, LOCAL EXCISION AND OTHER BREAST PROCEDURES WITH CC/MCC",2.0473,,,,13102.72,,,
BRONCHITIS AND ASTHMA,,,0.6963,4456.320000000001,,,,
BRONCHITIS AND ASTHMA WITH CC/MCC,0.9667,,,,6186.88,,,
"CARDIAC ARREST, UNEXPLAINED",0.7044,1.6383,0.4416,2826.24,4508.16,10485.12,1681.92,7658.880000000001
CARDIAC ARRHYTHMIA AND CONDUCTION DISORDERS,0.7393,1.206,0.5595,3580.8,4731.5199999999995,7718.4,1150.7199999999993,4137.599999999999
CARDIAC CONGENITAL AND VALVULAR DISORDERS,,1.4974,,,,9583.36,,
CARDIAC DEFIBRILLATOR IMPLANT WITH MCC OR CAROTID SINUS NEUROSTIMULATOR,,6.194,,,,39641.6,,
CARDIAC PACEMAKER DEVICE REPLACEMENT,,2.8054,,,,17954.56,,
CARDIAC PACEMAKER REVISION EXCEPT DEVICE REPLACEMENT,1.8974,3.4068,1.5177,9713.28,12143.36,21803.52,2430.08,12090.24
CARDIAC VALVE AND OTHER MAJOR CARDIOTHORACIC PROCEDURES WITH CARDIAC CATHETERIZATION,6.4574,9.6504,5.9491,38074.24,41327.36,61762.56,3253.1200000000026,23688.32
CARDIAC VALVE AND OTHER MAJOR CARDIOTHORACIC PROCEDURES WITHOUT CARDIAC CATHETERIZATION,5.2963,7.737,4.5923,29390.719999999998,33896.32,49516.8,4505.600000000002,20126.080000000005
CAROTID ARTERY STENT PROCEDURES,2.2746,3.8885,1.833,11731.199999999999,14557.44,24886.4,2826.2400000000016,13155.200000000003
CELLULITIS,,1.4694,,,,9404.16,,
CERVICAL SPINAL FUSION,2.897,4.857,2.3672,15150.08,18540.8,31084.800000000003,3390.7199999999993,15934.720000000003
CESAREAN SECTION WITH STERILIZATION,1.083,1.842,0.8749,5599.36,6931.2,11788.800000000001,1331.8400000000001,6189.440000000001
CESAREAN SECTION WITHOUT STERILIZATION,1.0618,1.6158,0.905,5792.0,6795.52,10341.119999999999,1003.5200000000004,4549.119999999999
CHEMOTHERAPY WITH ACUTE LEUKEMIA AS SECONDARY DIAGNOSIS,,,1.3703,8769.92,,,,
CHEMOTHERAPY WITH ACUTE LEUKEMIA AS SECONDARY DIAGNOSIS OR WITH HIGH DOSE CHEMOTHERAPY AGENT,,5.0068,,,,32043.52,,
CHEMOTHERAPY WITH ACUTE LEUKEMIA AS SECONDARY DIAGNOSIS WITH CC OR HIGH DOSE CHEMOTHERAPY AGENT,2.0281,,,,12979.839999999998,,,
CHEMOTHERAPY WITHOUT ACUTE LEUKEMIA AS SECONDARY DIAGNOSIS,1.2706,2.5536,0.8189,5240.96,8131.84,16343.039999999999,2890.88,11102.079999999998
CHOLECYSTECTOMY EXCEPT BY LAPAROSCOPE WITHOUT C.D.E.,1.978,3.5036,1.3702,8769.28,12659.2,22423.04,3889.92,13653.76
CHOLECYSTECTOMY WITH C.D.E.,2.1315,2.7134,1.6624,10639.36,13641.6,17365.760000000002,3002.24,6726.4000000000015
CHRONIC OBSTRUCTIVE PULMONARY DISEASE,0.8591,1.1233,0.6472,4142.08,5498.24,7189.12,1356.1599999999999,3047.04
"CIRCULATORY DISORDERS EXCEPT AMI, WITH CARDIAC CATHETERIZATION",,2.2133,,,,14165.119999999999,,
CIRRHOSIS AND ALCOHOLIC HEPATITIS,1.0697,1.9591,0.6964,4456.96,6846.080000000001,12538.24,2389.120000000001,8081.28
COMBINED ANTERIOR AND POSTERIOR CERVICAL SPINAL FUSION,,8.34,,,,53376.0,,
COMPLICATED PEPTIC ULCER,1.0891,1.9243,0.7493,4795.5199999999995,6970.24,12315.519999999999,2174.7200000000003,7519.999999999999
COMPLICATIONS OF TREATMENT,1.0158,1.8234,0.6876,4400.64,6501.12,11669.76,2100.4799999999996,7269.12
CONCUSSION,1.0721,1.4106,0.8572,5486.08,6861.4400000000005,9027.84,1375.3600000000006,3541.76
CONNECTIVE TISSUE DISORDERS,1.1577,2.5267,0.7462,4775.68,7409.28,16170.88,2633.5999999999995,11395.199999999999
CORONARY BYPASS WITH CARDIAC CATHETERIZATION OR OPEN ABLATION,,7.8158,,,,50021.12,,
CORONARY BYPASS WITH PTCA,,8.4734,,,,54229.76,,
CORONARY BYPASS WITHOUT CARDIAC CATHETERIZATION,,5.8838,,,,37656.32,,
CORONARY INTRAVASCULAR LITHOTRIPSY WITH INTRALUMINAL DEVICE,,4.2592,,,,27258.879999999997,,
CRANIAL AND PERIPHERAL NERVE DISORDERS,,1.5455,,,,9891.2,,
CRANIOTOMY AND ENDOVASCULAR INTRACRANIAL PROCEDURES,3.0584,4.472,2.4676,15792.64,19573.76,28620.800000000003,3781.119999999999,12828.160000000003
CRANIOTOMY WITH MAJOR DEVICE IMPLANT OR ACUTE COMPLEX CNS PRINCIPAL DIAGNOSIS WITH MCC OR CHEMOTHERAPY IMPLANT OR EPILEPSY WITH NEUROSTIMULATOR,,5.7047,,,,36510.08,,
"D&C, CONIZATION, LAPAROSCOPY AND TUBAL INTERRUPTION",,,1.0248,6558.719999999999,,,,
"D&C, CONIZATION, LAPAROSCOPY AND TUBAL INTERRUPTION WITH CC/MCC",1.9539,,,,12504.96,,,
DEEP VEIN THROMBOPHLEBITIS,,,0.7898,5054.719999999999,,,,
DEEP VEIN THROMBOPHLEBITIS WITH CC/MCC,1.2279,,,,7858.5599999999995,,,
DEGENERATIVE NERVOUS SYSTEM DISORDERS,,2.504,,,,16025.6,,
DENTAL AND ORAL DISEASES,0.9405,1.6374,0.6596,4221.44,6019.2,10479.36,1797.7600000000002,6257.920000000001
DIABETES,0.9172,1.4563,0.6266,4010.2400000000002,5870.08,9320.32,1859.8399999999997,5310.08
DIGESTIVE MALIGNANCY,1.2287,2.1115,0.8829,5650.56,7863.679999999999,13513.6,2213.119999999999,7863.04
"DISORDERS OF LIVER EXCEPT MALIGNANCY, CIRRHOSIS OR ALCOHOLIC HEPATITIS",0.9662,1.8903,0.7026,4496.64,6183.679999999999,12097.92,1687.039999999999,7601.28
DISORDERS OF PANCREAS EXCEPT MALIGNANCY,0.8602,1.6638,0.6151,3936.64,5505.28,10648.32,1568.6399999999999,6711.68
DISORDERS OF THE BILIARY TRACT,1.0844,1.6845,0.7972,5102.08,6940.16,10780.800000000001,1838.08,5678.720000000001
"EAR, NOSE, MOUTH AND THROAT MALIGNANCY",1.2447,2.2939,0.7632,4884.48,7966.08,14680.96,3081.6000000000004,9796.48
ENDOCRINE DISORDERS,1.0335,1.6573,0.779,4985.6,6614.400000000001,10606.72,1628.8000000000002,5621.119999999999
ENDOVASCULAR CARDIAC VALVE REPLACEMENT AND SUPPLEMENT PROCEDURES,,5.9904,,,,38338.56,,
EPISTAXIS,,1.3821,,,,8845.44,,
"ESOPHAGITIS, GASTROENTERITIS AND MISCELLANEOUS DIGESTIVE DISORDERS",,1.2849,,,,8223.359999999999,,
EXTENSIVE O.R. PROCEDURES UNRELATED TO PRINCIPAL DIAGNOSIS,2.4485,4.7543,1.6681,10675.84,15670.400000000001,30427.519999999997,4994.560000000001,19751.679999999997
EXTRACRANIAL PROCEDURES,1.6111,3.3207,1.1382,7284.4800000000005,10311.039999999999,21252.48,3026.5599999999986,13968.0
FOOT PROCEDURES,1.7556,2.6465,1.7556,11235.84,11235.84,16937.600000000002,0.0,5701.760000000002
"FRACTURE, SPRAIN, STRAIN AND DISLOCATION EXCEPT FEMUR, HIP, PELVIS AND THIGH",,1.4637,,,,9367.68,,
FRACTURES OF FEMUR,,1.5248,,,,9758.72,,
FRACTURES OF HIP AND PELVIS,,1.3299,,,,8511.36,,
FULL THICKNESS BURN WITH SKIN GRAFT OR INHALATION INJURY,,,3.1802,20353.280000000002,,,,
FULL THICKNESS BURN WITH SKIN GRAFT OR INHALATION INJURY WITH CC/MCC,6.6785,,,,42742.399999999994,,,
GASTROINTESTINAL HEMORRHAGE,0.9859,1.8181,0.6366,4074.2400000000002,6309.76,11635.84,2235.52,7561.6
GASTROINTESTINAL OBSTRUCTION,0.8017,1.47,0.5471,3501.44,5130.88,9408.0,1629.44,5906.5599999999995
"HAND OR WRIST PROCEDURES, EXCEPT MAJOR THUMB OR JOINT PROCEDURES",,,1.0196,6525.4400000000005,,,,
"HAND OR WRIST PROCEDURES, EXCEPT MAJOR THUMB OR JOINT PROCEDURES WITH CC/MCC",1.5055,,,,9635.2,,,
HEADACHES,,1.1594,,,,7420.16,,
HEART FAILURE AND SHOCK,0.8613,1.3049,0.549,3513.6000000000004,5512.32,8351.36,1998.7199999999993,4837.76
HEART TRANSPLANT OR IMPLANT OF HEART ASSIST SYSTEM,,28.1664,,,,180264.96,,
HEPATOBILIARY DIAGNOSTIC PROCEDURES,1.6375,3.5292,1.4693,9403.52,10480.0,22586.88,1076.4799999999996,13183.36
HERNIA PROCEDURES EXCEPT INGUINAL AND FEMORAL,1.7011,2.9328,1.3331,8531.84,10887.04,18769.92,2355.2000000000007,10238.079999999998
HIP AND FEMUR PROCEDURES EXCEPT MAJOR JOINT,2.0749,2.941,1.5864,10152.960000000001,13279.36,18822.399999999998,3126.3999999999996,8669.439999999997
HIP REPLACEMENT WITH PRINCIPAL DIAGNOSIS OF HIP FRACTURE,,2.9146,,,,18653.440000000002,,
HIV WITH EXTENSIVE O.R. PROCEDURES,,6.3239,,,,40472.96,,
HIV WITH MAJOR RELATED CONDITION,1.4213,2.986,1.0029,6418.5599999999995,9096.32,19110.4,2677.76,12691.840000000002
HYPERTENSION,,1.1748,,,,7518.72,,
HYPERTENSIVE ENCEPHALOPATHY,0.9978,1.5462,0.6616,4234.24,6385.92,9895.68,2151.6800000000003,5661.4400000000005
"INFECTIONS, FEMALE REPRODUCTIVE SYSTEM",1.0193,1.4152,0.6399,4095.36,6523.52,9057.28,2428.1600000000003,4961.92
INFECTIOUS AND PARASITIC DISEASES WITH O.R. PROCEDURES,1.9982,5.0015,1.6255,10403.199999999999,12788.48,32009.6,2385.2800000000007,21606.4
INFLAMMATION OF THE MALE REPRODUCTIVE SYSTEM,,1.4693,,,,9403.52,,
INFLAMMATORY BOWEL DISEASE,0.9924,1.6247,0.6703,4289.92,6351.36,10398.08,2061.4399999999996,6108.16
INGUINAL AND FEMORAL HERNIA PROCEDURES,1.5047,2.4198,1.1025,7056.0,9630.08,15486.72,2574.08,8430.72
INTERSTITIAL LUNG DISEASE,0.9899,1.8842,0.673,4307.200000000001,6335.36,12058.880000000001,2028.159999999999,7751.68
INTRACRANIAL HEMORRHAGE OR CEREBRAL INFARCTION,,1.9891,0.6883,4405.12,,12730.24,,8325.119999999999
INTRACRANIAL HEMORRHAGE OR CEREBRAL INFARCTION WITH CC OR TPA IN 24 HOURS,1.017,,,,6508.799999999999,,,
INTRACRANIAL VASCULAR PROCEDURES WITH PRINCIPAL DIAGNOSIS HEMORRHAGE,5.3405,8.0605,2.7618,17675.52,34179.2,51587.2,16503.679999999997,33911.67999999999
INTRAOCULAR PROCEDURES,,,1.0122,6478.08,,,,
INTRAOCULAR PROCEDURES WITH CC/MCC,1.6685,,,,10678.400000000001,,,
"ISCHEMIC STROKE, PRECEREBRAL OCCLUSION OR TRANSIENT ISCHEMIA WITH THROMBOLYTIC AGENT",1.7808,2.7032,1.4047,8990.08,11397.119999999999,17300.48,2407.039999999999,8310.4
KIDNEY AND URETER PROCEDURES FOR NEOPLASM,1.828,3.2577,1.5039,9624.960000000001,11699.2,20849.28,2074.24,11224.319999999998
KIDNEY AND URETER PROCEDURES FOR NON-NEOPLASM,1.3399,2.5842,1.0266,6570.24,8575.36,16538.88,2005.1200000000008,9968.640000000001
KIDNEY AND URINARY TRACT INFECTIONS,,1.1704,,,,7490.56,,
KIDNEY AND URINARY TRACT NEOPLASMS,1.0526,1.8856,0.7242,4634.88,6736.639999999999,12067.84,2101.7599999999993,7432.96
KIDNEY AND URINARY TRACT SIGNS AND SYMPTOMS,,1.1277,,,,7217.28,,
KIDNEY TRANSPLANT WITH HEMODIALYSIS,,4.607,,,,29484.800000000003,,
KNEE PROCEDURES WITH PRINCIPAL DIAGNOSIS OF INFECTION,2.1207,3.2236,1.5801,10112.640000000001,13572.48,20631.039999999997,3459.8399999999983,10518.399999999996
KNEE PROCEDURES WITHOUT PRINCIPAL DIAGNOSIS OF INFECTION,,,1.2386,7927.039999999999,,,,
KNEE PROCEDURES WITHOUT PRINCIPAL DIAGNOSIS OF INFECTION WITH CC/MCC,1.9653,,,,12577.92,,,
LAPAROSCOPIC CHOLECYSTECTOMY WITHOUT C.D.E.,1.6585,2.3765,1.3176,8432.640000000001,10614.400000000001,15209.6,2181.76,6776.959999999999
LIVER TRANSPLANT WITH MCC OR INTESTINAL TRANSPLANT,,10.6486,,,,68151.04,,
LOCAL EXCISION AND REMOVAL OF INTERNAL FIXATION DEVICES EXCEPT HIP AND FEMUR,1.9729,3.5203,1.343,8595.2,12626.560000000001,22529.920000000002,4031.3600000000006,13934.720000000001
LOCAL EXCISION AND REMOVAL OF INTERNAL FIXATION DEVICES OF HIP AND FEMUR,,,1.0986,7031.04,,,,
LOCAL EXCISION AND REMOVAL OF INTERNAL FIXATION DEVICES OF HIP AND FEMUR WITH CC/MCC,2.5247,,,,16158.080000000002,,,
"LOWER EXTREMITY AND HUMERUS PROCEDURES EXCEPT HIP, FOOT AND FEMUR",2.401,3.551,1.8855,12067.199999999999,15366.399999999998,22726.4,3299.199999999999,10659.200000000003
LYMPHOMA AND LEUKEMIA WITH MAJOR O.R. PROCEDURES,2.2322,5.8219,1.1436,7319.04,14286.080000000002,37260.16,6967.040000000002,29941.120000000003
LYMPHOMA AND NON-ACUTE LEUKEMIA,1.5679,3.1894,1.0518,6731.52,10034.560000000001,20412.16,3303.040000000001,13680.64
LYMPHOMA AND NON-ACUTE LEUKEMIA WITH OTHER PROCEDURES,2.1993,4.6792,1.2307,7876.48,14075.52,29946.879999999997,6199.040000000001,22070.399999999998
MAJOR BLADDER PROCEDURES,2.8219,5.5742,2.0772,13294.08,18060.16,35674.880000000005,4766.08,22380.800000000003
MAJOR CHEST PROCEDURES,2.5168,4.6089,1.8639,11928.96,16107.52,29496.960000000003,4178.560000000001,17568.000000000004
MAJOR CHEST TRAUMA,1.068,1.5872,0.7776,4976.639999999999,6835.200000000001,10158.08,1858.5600000000013,5181.4400000000005
MAJOR ESOPHAGEAL DISORDERS,1.0176,1.6699,0.6979,4466.5599999999995,6512.64,10687.359999999999,2046.0800000000008,6220.799999999999
MAJOR GASTROINTESTINAL DISORDERS AND PERITONEAL INFECTIONS,1.0293,1.7483,0.7253,4641.92,6587.52,11189.119999999999,1945.6000000000004,6547.199999999999
MAJOR HEAD AND NECK PROCEDURES,2.1483,4.229,1.5723,10062.72,13749.119999999999,27065.600000000002,3686.3999999999996,17002.880000000005
MAJOR HEMATOLOGICAL AND IMMUNOLOGICAL DIAGNOSES EXCEPT SICKLE CELL CRISIS AND COAGULATION DISORDERS,1.2385,2.2904,0.9517,6090.88,7926.4,14658.56,1835.5199999999995,8567.68
MAJOR HIP AND KNEE JOINT REPLACEMENT OR REATTACHMENT OF LOWER EXTREMITY WITH MCC OR TOTAL ANKLE REPLACEMENT,,3.2685,,,,20918.4,,
MAJOR MALE PELVIC PROCEDURES,,,1.4824,9487.359999999999,,,,
MAJOR MALE PELVIC PROCEDURES WITH CC/MCC,1.9405,,,,12419.199999999999,,,
MAJOR SHOULDER OR ELBOW JOINT PROCEDURES,,,1.2415,7945.6,,,,
MAJOR SHOULDER OR ELBOW JOINT PROCEDURES WITH CC/MCC,1.9381,,,,12403.84,,,
MAJOR SKIN DISORDERS,,2.115,,,,13536.000000000002,,
MAJOR SMALL AND LARGE BOWEL PROCEDURES,2.3637,4.5917,1.651,10566.4,15127.68,29386.88,4561.280000000001,18820.480000000003
MALIGNANCY OF HEPATOBILIARY SYSTEM OR PANCREAS,1.1276,1.8245,0.7851,5024.64,7216.639999999999,11676.8,2191.999999999999,6652.159999999999
"MALIGNANCY, FEMALE REPRODUCTIVE SYSTEM",1.1101,1.8092,0.9549,6111.36,7104.64,11578.88,993.2800000000007,5467.5199999999995
"MALIGNANCY, MALE REPRODUCTIVE SYSTEM",1.1229,1.7288,0.6568,4203.52,7186.56,11064.32,2983.04,6860.799999999999
MALIGNANT BREAST DISORDERS,1.0608,1.7565,0.8549,5471.36,6789.12,11241.6,1317.7600000000002,5770.240000000001
MASTECTOMY FOR MALIGNANCY,,,1.6425,10512.0,,,,
MASTECTOMY FOR MALIGNANCY WITH CC/MCC,1.7511,,,,11207.04,,,
MEDICAL BACK PROBLEMS,,1.7063,,,,10920.32,,
MENSTRUAL AND OTHER FEMALE REPRODUCTIVE SYSTEM DISORDERS,,,0.6339,4056.96,,,,
MENSTRUAL AND OTHER FEMALE REPRODUCTIVE SYSTEM DISORDERS WITH CC/MCC,0.9855,,,,6307.200000000001,,,
MINOR BLADDER PROCEDURES,1.5273,3.1194,1.0798,6910.72,9774.720000000001,19964.16,2864.000000000001,13053.439999999999
MINOR SKIN DISORDERS,,1.6101,,,,10304.640000000001,,
MINOR SMALL AND LARGE BOWEL PROCEDURES,1.4892,2.6944,1.2452,7969.280000000001,9530.880000000001,17244.16,1561.6000000000004,9274.88
"MISCELLANEOUS DISORDERS OF NUTRITION, METABOLISM, FLUIDS AND ELECTROLYTES",,1.3281,,,,8499.84,,
MOUTH PROCEDURES,,,0.8135,5206.4,,,,
MOUTH PROCEDURES WITH CC/MCC,1.3985,,,,8950.4,,,
MULTIPLE LEVEL COMBINED ANTERIOR AND POSTERIOR SPINAL FUSION EXCEPT CERVICAL,7.0987,,5.5052,35233.28,45431.68,,10198.400000000001,
MULTIPLE LEVEL COMBINED ANTERIOR AND POSTERIOR SPINAL FUSION EXCEPT CERVICAL WITH MCC OR CUSTOM-MADE ANATOMICALLY DESIGNED INTERBODY FUSION DEVICE,,10.4816,,,,67082.24,,
MULTIPLE LEVEL SPINAL FUSION EXCEPT CERVICAL WITH MCC OR CUSTOM-MADE ANATOMICALLY DESIGNED INTERBODY FUSION DEVICE,,6.7042,,,,42906.880000000005,,
MULTIPLE SCLEROSIS AND CEREBELLAR ATAXIA,1.2235,1.8457,0.8924,5711.36,7830.400000000001,11812.48,2119.040000000001,6101.12
MYELOPROLIFERATIVE DISORDERS OR POORLY DIFFERENTIATED NEOPLASMS WITH MAJOR O.R. PROCEDURES,2.3597,4.7752,1.6028,10257.92,15102.080000000002,30561.28,4844.160000000002,20303.36
MYELOPROLIFERATIVE DISORDERS OR POORLY DIFFERENTIATED NEOPLASMS WITH OTHER PROCEDURES,,,1.4624,9359.359999999999,,,,
MYELOPROLIFERATIVE DISORDERS OR POORLY DIFFERENTIATED NEOPLASMS WITH OTHER PROCEDURES WITH CC/MCC,3.0836,,,,19735.04,,,
NERVOUS SYSTEM NEOPLASMS,,1.4991,,,,9594.24,,
NON-BACTERIAL INFECTION OF NERVOUS SYSTEM EXCEPT VIRAL MENINGITIS,2.1691,3.5848,1.3932,8916.48,13882.239999999998,22942.72,4965.759999999998,14026.240000000002
NON-EXTENSIVE O.R. PROCEDURES UNRELATED TO PRINCIPAL DIAGNOSIS,1.716,3.503,1.1554,7394.5599999999995,10982.4,22419.2,3587.84,15024.640000000001
NON-MALIGNANT BREAST DISORDERS,,,0.5995,3836.8,,,,
NON-MALIGNANT BREAST DISORDERS WITH CC/MCC,0.9572,,,,6126.08,,,
NONSPECIFIC CEREBROVASCULAR DISORDERS,1.0538,1.7387,0.7501,4800.64,6744.320000000001,11127.68,1943.6800000000003,6327.04
NONSPECIFIC CVA AND PRECEREBRAL OCCLUSION WITHOUT INFARCTION,,1.4558,,,,9317.119999999999,,
NONTRAUMATIC STUPOR AND COMA,,1.9695,,,,12604.8,,
O.R. PROCEDURES FOR OBESITY,1.5969,2.7264,1.4617,9354.88,10220.16,17448.96,865.2800000000007,8094.08
O.R. PROCEDURES WITH DIAGNOSES OF OTHER CONTACT WITH HEALTH SERVICES,2.1113,3.1738,1.9542,12506.88,13512.32,20312.32,1005.4400000000005,7805.4400000000005
ORBITAL PROCEDURES,,,1.1821,7565.44,,,,
ORBITAL PROCEDURES WITH CC/MCC,2.237,,,,14316.800000000001,,,
OSTEOMYELITIS,1.2944,2.0227,0.8748,5598.72,8284.16,12945.279999999999,2685.4399999999996,7346.559999999999
OTHER ANTEPARTUM DIAGNOSES WITH O.R. PROCEDURES,0.9893,2.1857,0.6753,4321.92,6331.5199999999995,13988.480000000001,2009.5999999999995,9666.560000000001
OTHER ANTEPARTUM DIAGNOSES WITHOUT O.R. PROCEDURES,0.7473,1.1509,0.5198,3326.7200000000003,4782.719999999999,7365.76,1455.999999999999,4039.04
OTHER CARDIOTHORACIC PROCEDURES,,4.9829,,,,31890.559999999998,,
OTHER CIRCULATORY SYSTEM DIAGNOSES,0.9623,2.1534,0.6826,4368.64,6158.72,13781.76,1790.08,9413.119999999999
OTHER DIGESTIVE SYSTEM DIAGNOSES,0.9413,1.6559,0.6364,4072.9599999999996,6024.32,10597.76,1951.3600000000001,6524.800000000001
OTHER DIGESTIVE SYSTEM O.R. PROCEDURES,2.2519,4.2654,1.355,8672.0,14412.16,27298.559999999998,5740.16,18626.559999999998
OTHER DISORDERS OF NERVOUS SYSTEM,1.0588,1.8228,0.7893,5051.52,6776.32,11665.92,1724.7999999999993,6614.4
OTHER DISORDERS OF THE EYE WITH MCC OR THROMBOLYTIC AGENT,,1.3038,,,,8344.32,,
"OTHER EAR, NOSE, MOUTH AND THROAT DIAGNOSES",0.9336,1.6262,0.6724,4303.36,5975.04,10407.68,1671.6800000000003,6104.320000000001
"OTHER EAR, NOSE, MOUTH AND THROAT O.R. PROCEDURES",1.7566,3.3017,1.1847,7582.080000000001,11242.24,21130.879999999997,3660.159999999999,13548.799999999996
"OTHER ENDOCRINE, NUTRITIONAL AND METABOLIC O.R. PROCEDURES",2.2501,3.9463,1.4012,8967.68,14400.640000000001,25256.32,5432.960000000001,16288.64
OTHER ENDOVASCULAR CARDIAC VALVE PROCEDURES,,4.3925,,,,28112.0,,
OTHER FEMALE REPRODUCTIVE SYSTEM O.R. PROCEDURES,,,1.2895,8252.800000000001,,,,
OTHER FEMALE REPRODUCTIVE SYSTEM O.R. PROCEDURES WITH CC/MCC,2.5884,,,,16565.760000000002,,,
OTHER HEPATOBILIARY OR PANCREAS O.R. PROCEDURES,2.2831,4.0671,1.5457,9892.48,14611.84,26029.44,4719.360000000001,16136.96
OTHER INFECTIOUS AND PARASITIC DISEASES DIAGNOSES,1.05,2.1442,0.7195,4604.8,6720.0,13722.880000000001,2115.2,9118.080000000002
"OTHER INJURY, POISONING AND TOXIC EFFECT DIAGNOSES",,1.6892,,,,10810.880000000001,,
OTHER KIDNEY AND URINARY TRACT DIAGNOSES,1.0198,1.6809,0.6941,4442.240000000001,6526.72,10757.76,2084.4799999999996,6315.5199999999995
OTHER KIDNEY AND URINARY TRACT PROCEDURES,2.3083,4.19,1.5652,10017.279999999999,14773.12,26816.000000000004,4755.840000000002,16798.720000000005
OTHER MAJOR CARDIOVASCULAR PROCEDURES,3.4444,5.1328,2.502,16012.8,22044.16,32849.92,6031.360000000001,16837.12
OTHER MALE REPRODUCTIVE SYSTEM DIAGNOSES,,,0.6069,3884.16,,,,
OTHER MALE REPRODUCTIVE SYSTEM DIAGNOSES WITH CC/MCC,1.1008,,,,7045.12,,,
OTHER MALE REPRODUCTIVE SYSTEM O.R. PROCEDURES EXCEPT MALIGNANCY,,,1.2318,7883.52,,,,
OTHER MALE REPRODUCTIVE SYSTEM O.R. PROCEDURES EXCEPT MALIGNANCY WITH CC/MCC,1.8554,,,,11874.56,,,
OTHER MALE REPRODUCTIVE SYSTEM O.R. PROCEDURES FOR MALIGNANCY,,,1.4192,9082.880000000001,,,,
OTHER MALE REPRODUCTIVE SYSTEM O.R. PROCEDURES FOR MALIGNANCY WITH CC/MCC,2.2582,,,,14452.48,,,
OTHER MULTIPLE SIGNIFICANT TRAUMA,1.5002,2.7166,0.9125,5840.0,9601.28,17386.24,3761.2800000000007,11546.240000000002
OTHER MUSCULOSKELETAL SYSTEM AND CONNECTIVE TISSUE DIAGNOSES,1.0196,1.5692,0.748,4787.2,6525.4400000000005,10042.88,1738.2400000000007,5255.679999999999
OTHER MUSCULOSKELETAL SYSTEM AND CONNECTIVE TISSUE O.R. PROCEDURES,2.0116,3.0922,1.4926,9552.64,12874.24,19790.08,3321.6000000000004,10237.440000000002
OTHER MYELOPROLIFERATIVE DISORDERS OR POORLY DIFFERENTIATED NEOPLASTIC DIAGNOSES,1.1951,1.8931,0.8367,5354.88,7648.64,12115.84,2293.76,6760.96
OTHER O.R. PROCEDURES FOR INJURIES,2.017,3.9835,1.2682,8116.48,12908.8,25494.399999999998,4792.32,17377.92
OTHER O.R. PROCEDURES FOR MULTIPLE SIGNIFICANT TRAUMA,4.1095,7.4637,2.6437,16919.68,26300.8,47767.68,9381.119999999999,30848.0
OTHER O.R. PROCEDURES OF THE BLOOD AND BLOOD FORMING ORGANS,1.7799,3.5846,1.1055,7075.2,11391.36,22941.44,4316.160000000001,15866.239999999998
OTHER RESPIRATORY SYSTEM DIAGNOSES,,1.8877,,,,12081.279999999999,,
OTHER RESPIRATORY SYSTEM O.R. PROCEDURES,1.8271,3.851,1.3538,8664.32,11693.44,24646.4,3029.120000000001,15982.080000000002
"OTHER SKIN, SUBCUTANEOUS TISSUE AND BREAST PROCEDURES",1.7729,3.2591,1.4391,9210.24,11346.56,20858.24,2136.3199999999997,11648.000000000002
OTHER VASCULAR PROCEDURES,2.5529,3.4302,1.7493,11195.52,16338.560000000001,21953.280000000002,5143.040000000001,10757.760000000002
OTITIS MEDIA AND URI,,1.1347,,,,7262.08,,
"PANCREAS, LIVER AND SHUNT PROCEDURES",2.8082,5.4284,2.1356,13667.84,17972.48,34741.76,4304.639999999999,21073.920000000002
PATHOLOGICAL FRACTURES AND MUSCULOSKELETAL AND CONNECTIVE TISSUE MALIGNANCY,1.0608,1.8649,0.7557,4836.4800000000005,6789.12,11935.36,1952.6399999999994,7098.88
"PELVIC EVISCERATION, RADICAL HYSTERECTOMY AND RADICAL VULVECTOMY",,,1.2138,7768.32,,,,
"PELVIC EVISCERATION, RADICAL HYSTERECTOMY AND RADICAL VULVECTOMY WITH CC/MCC",2.1027,,,,13457.28,,,
PENIS PROCEDURES,,,1.5013,9608.32,,,,
PENIS PROCEDURES WITH CC/MCC,2.247,,,,14380.8,,,
PERCUTANEOUS AND OTHER INTRACARDIAC PROCEDURES,,3.91,,,,25024.0,,
PERCUTANEOUS CARDIOVASCULAR PROCEDURES WITH INTRALUMINAL DEVICE WITH MCC OR 4+ ARTERIES/INTRALUMINAL DEVICES,,2.8467,,,,18218.879999999997,,
PERCUTANEOUS CARDIOVASCULAR PROCEDURES WITHOUT INTRALUMINAL DEVICE,,2.3127,,,,14801.28,,
PERIPHERAL VASCULAR DISORDERS,1.0705,1.6177,0.7133,4565.12,6851.2,10353.279999999999,2286.08,5788.159999999999
"PERIPHERAL, CRANIAL NERVE AND OTHER NERVOUS SYSTEM PROCEDURES",,3.7718,1.7575,11248.0,,24139.52,,12891.52
"PERIPHERAL, CRANIAL NERVE AND OTHER NERVOUS SYSTEM PROCEDURES WITH CC OR PERIPHERAL NEUROSTIMULATOR",2.2586,,,,14455.039999999999,,,
PERITONEAL ADHESIOLYSIS,2.1124,3.6239,1.535,9824.0,13519.36,23192.96,3695.3600000000006,13368.96
PERMANENT CARDIAC PACEMAKER IMPLANT,2.2527,3.392,1.8047,11550.08,14417.279999999999,21708.8,2867.199999999999,10158.72
PLEURAL EFFUSION,1.0039,1.58,0.7341,4698.24,6424.96,10112.0,1726.7200000000003,5413.76
PNEUMOTHORAX,1.1074,1.7652,0.6769,4332.16,7087.36,11297.28,2755.2,6965.120000000001
POISONING AND TOXIC EFFECTS OF DRUGS,,1.6396,,,,10493.44,,
POSTOPERATIVE AND POST-TRAUMATIC INFECTIONS,,1.8386,,,,11767.04,,
POSTOPERATIVE OR POST-TRAUMATIC INFECTIONS WITH O.R. PROCEDURES,2.1789,4.5113,1.2884,8245.76,13944.960000000001,28872.320000000003,5699.200000000001,20626.560000000005
PROSTATECTOMY,1.6472,3.4334,1.0277,6577.280000000001,10542.08,21973.76,3964.7999999999993,15396.479999999998
PULMONARY EMBOLISM WITH MCC OR ACUTE COR PULMONALE,,1.4091,,,,9018.24,,
RECTAL RESECTION,2.1251,3.4685,1.6584,10613.76,13600.640000000001,22198.4,2986.880000000001,11584.640000000001
RED BLOOD CELL DISORDERS,,1.4068,,,,9003.52,,
REHABILITATION,,,1.1164,7144.96,,,,
REHABILITATION WITH CC/MCC,1.5264,,,,9768.96,,,
RENAL FAILURE,0.8889,1.502,0.6075,3888.0000000000005,5688.96,9612.8,1800.9599999999996,5724.799999999999
RESPIRATORY INFECTIONS AND INFLAMMATIONS,0.9921,1.6165,0.7697,4926.08,6349.44,10345.6,1423.3599999999997,5419.52
RESPIRATORY NEOPLASMS,1.1102,1.7477,0.8375,5360.0,7105.280000000001,11185.28,1745.2800000000007,5825.280000000001
RETICULOENDOTHELIAL AND IMMUNITY DISORDERS,1.0161,2.0903,0.6594,4220.16,6503.04,13377.92,2282.88,9157.76
REVISION OF HIP OR KNEE REPLACEMENT,3.4249,5.0943,2.6232,16788.48,21919.36,32603.519999999997,5130.880000000001,15815.039999999997
SEIZURES,,1.9852,,,,12705.28,,
SEPTIC ARTHRITIS,1.205,2.0145,0.8621,5517.44,7712.0,12892.8,2194.5600000000004,7375.36
SEPTICEMIA OR SEVERE SEPSIS WITHOUT MV >96 HOURS,,1.9623,,,,12558.72,,
"SHOULDER, ELBOW OR FOREARM PROCEDURES, EXCEPT MAJOR JOINT PROCEDURES",1.9614,2.858,1.6077,10289.279999999999,12552.960000000001,18291.2,2263.680000000002,8001.920000000002
SIGNS AND SYMPTOMS,,1.2861,,,,8231.04,,
SIGNS AND SYMPTOMS OF MUSCULOSKELETAL SYSTEM AND CONNECTIVE TISSUE,,1.3465,,,,8617.6,,
SIMPLE PNEUMONIA AND PLEURISY,0.82,1.3178,0.6228,3985.92,5248.0,8433.92,1262.08,4448.0
SINGLE LEVEL SPINAL FUSION EXCEPT CERVICAL WITH MCC OR CUSTOM-MADE ANATOMICALLY DESIGNED INTERBODY FUSION DEVICE,,5.1497,,,,32958.08,,
SINUS AND MASTOID PROCEDURES,,,0.9782,6260.48,,,,
SINUS AND MASTOID PROCEDURES WITH CC/MCC,2.4109,,,,15429.759999999998,,,
SKIN DEBRIDEMENT,1.6748,3.0104,1.1424,7311.360000000001,10718.720000000001,19266.56,3407.3600000000006,11955.2
SKIN GRAFT EXCEPT FOR SKIN ULCER OR CELLULITIS,2.6626,5.3949,1.6903,10817.92,17040.64,34527.36,6222.719999999999,23709.440000000002
SKIN GRAFT FOR SKIN ULCER OR CELLULITIS,3.4647,6.1578,1.9965,12777.6,22174.08,39409.92,9396.480000000001,26632.32
"SKIN GRAFTS AND WOUND DEBRIDEMENT FOR ENDOCRINE, NUTRITIONAL AND METABOLIC DISORDERS",1.914,3.744,0.9958,6373.12,12249.6,23961.600000000002,5876.4800000000005,17588.480000000003
SKIN GRAFTS FOR INJURIES,,,1.6481,10547.84,,,,
SKIN GRAFTS FOR INJURIES WITH CC/MCC,3.8609,,,,24709.76,,,
SKIN ULCERS,1.2226,2.0562,0.8486,5431.04,7824.639999999999,13159.68,2393.5999999999995,7728.64
SOFT TISSUE PROCEDURES,1.7849,3.1685,1.3971,8941.44,11423.359999999999,20278.399999999998,2481.9199999999983,11336.959999999997
SPINAL DISORDERS AND INJURIES,,,0.9213,5896.32,,,,
SPINAL DISORDERS AND INJURIES WITH CC/MCC,2.0124,,,,12879.36,,,
"SPINAL FUSION EXCEPT CERVICAL WITH SPINAL CURVATURE, MALIGNANCY, INFECTION OR EXTENSIVE FUSIONS",5.739,8.4686,4.3177,27633.280000000002,36729.6,54199.04,9096.319999999996,26565.76
SPINAL PROCEDURES,,6.0791,2.2252,14241.28,,38906.240000000005,,24664.960000000006
SPINAL PROCEDURES WITH CC OR SPINAL NEUROSTIMULATORS,3.3565,,,,21481.6,,,
SPLENIC PROCEDURES,2.9136,4.7545,1.6417,10506.88,18647.04,30428.800000000003,8140.160000000002,19921.920000000006
"SPRAINS, STRAINS, AND DISLOCATIONS OF HIP, PELVIS AND THIGH",,,0.6715,4297.6,,,,
"SPRAINS, STRAINS, AND DISLOCATIONS OF HIP, PELVIS AND THIGH WITH CC/MCC",0.9189,,,,5880.96,,,
"STOMACH, ESOPHAGEAL AND DUODENAL PROCEDURES",2.4281,5.0787,1.5934,10197.76,15539.84,32503.680000000004,5342.08,22305.920000000006
"TENDONITIS, MYOSITIS AND BURSITIS",,1.5497,,,,9918.08,,
TESTES PROCEDURES,,,0.8861,5671.04,,,,
TESTES PROCEDURES WITH CC/MCC,1.9075,,,,12208.0,,,
"THYROID, PARATHYROID AND THYROGLOSSAL PROCEDURES",1.5092,2.8669,1.2668,8107.5199999999995,9658.880000000001,18348.16,1551.3600000000015,10240.64
"TRACHEOSTOMY FOR FACE, MOUTH AND NECK DIAGNOSES OR LARYNGECTOMY",4.1034,5.3956,2.6498,16958.72,26261.76,34531.84,9303.039999999997,17573.119999999995
TRANSURETHRAL PROCEDURES,1.5475,2.9161,0.9556,6115.84,9904.0,18663.04,3788.16,12547.2
TRANSURETHRAL PROSTATECTOMY,,,0.9396,6013.44,,,,
TRANSURETHRAL PROSTATECTOMY WITH CC/MCC,1.4459,,,,9253.76,,,
"TRAUMA TO THE SKIN, SUBCUTANEOUS TISSUE AND BREAST",,1.4857,,,,9508.48,,
TRAUMATIC INJURY,,1.6182,,,,10356.480000000001,,
TRAUMATIC STUPOR AND COMA <1 HOUR,1.3116,2.2659,0.884,5657.6,8394.24,14501.759999999998,2736.6399999999994,8844.159999999998
TRAUMATIC STUPOR AND COMA >1 HOUR,1.3903,2.3201,0.956,6118.4,8897.92,14848.64,2779.5200000000004,8730.24
ULTRASOUND ACCELERATED AND OTHER THROMBOLYSIS OF PERIPHERAL VASCULAR STRUCTURES,,5.0029,,,,32018.56,,
UNCOMPLICATED PEPTIC ULCER,,1.2642,,,,8090.88,,
UPPER LIMB AND TOE AMPUTATION FOR CIRCULATORY SYSTEM DISORDERS,1.6936,2.6163,0.7926,5072.639999999999,10839.04,16744.32,5766.4000000000015,11671.68
URETHRAL PROCEDURES,,,1.0943,7003.52,,,,
URETHRAL PROCEDURES WITH CC/MCC,1.7236,,,,11031.04,,,
URINARY STONES,,1.4703,,,,9409.92,,
UTERINE AND ADNEXA PROCEDURES FOR NON-MALIGNANCY,,,1.1986,7671.040000000001,,,,
UTERINE AND ADNEXA PROCEDURES FOR NON-MALIGNANCY WITH CC/MCC,1.8266,,,,11690.24,,,
UTERINE AND ADNEXA PROCEDURES FOR NON-OVARIAN AND NON-ADNEXAL MALIGNANCY,1.8182,3.9807,1.3735,8790.4,11636.48,25476.48,2846.08,16686.08
UTERINE AND ADNEXA PROCEDURES FOR OVARIAN OR ADNEXAL MALIGNANCY,1.9983,3.9373,1.5168,9707.52,12789.119999999999,25198.72,3081.5999999999985,15491.2
"VAGINA, CERVIX AND VULVA PROCEDURES",,,0.9551,6112.639999999999,,,,
"VAGINA, CERVIX AND VULVA PROCEDURES WITH CC/MCC",1.6745,,,,10716.800000000001,,,
VAGINAL DELIVERY WITH STERILIZATION AND/OR D&C,0.9682,1.0609,0.9682,6196.48,6196.48,6789.759999999999,0.0,593.2799999999997
VAGINAL DELIVERY WITHOUT STERILIZATION OR D&C,0.7235,0.9979,0.6372,4078.08,4630.400000000001,6386.56,552.3200000000006,2308.4800000000005
VENTRICULAR SHUNT PROCEDURES,2.1355,4.1903,1.5954,10210.56,13667.199999999999,26817.92,3456.6399999999994,16607.36
VIRAL ILLNESS,,1.4504,,,,9282.56,,
VIRAL MENINGITIS,,,0.9169,5868.16,,,,
VIRAL MENINGITIS WITH CC/MCC,1.6621,,,,10637.439999999999,,,
WOUND DEBRIDEMENT AND SKIN GRAFT EXCEPT HAND FOR MUSCULOSKELETAL AND CONNECTIVE TISSUE DISORDERS,2.9486,5.4007,1.7359,11109.76,18871.04,34564.479999999996,7761.280000000001,23454.719999999994
WOUND DEBRIDEMENTS FOR INJURIES,1.8974,4.4302,1.219,7801.6,12143.36,28353.280000000002,4341.76,20551.68
