Month,members,running_total,yoy_pct
2007-01-01,3236184.0,3236184.0,
2007-02-01,3234980.0,6471164.0,
2007-03-01,3223263.0,9694427.0,
2007-04-01,3236271.0,12930698.0,
2007-05-01,3257574.0,16188272.0,
2007-06-01,3275800.0,19464072.0,
2007-07-01,3267144.0,22731216.0,
2007-08-01,3262061.0,25993277.0,
2007-09-01,3278326.0,29271603.0,
2007-10-01,3284367.0,32555970.0,
2007-11-01,3289760.0,35845730.0,
2007-12-01,3303169.0,39148899.0,
2008-01-01,3305610.0,42454509.0,2.1
2008-02-01,3310157.0,45764666.0,2.3
2008-03-01,3344862.0,49109528.0,3.8
2008-04-01,3351761.0,52461289.0,3.6
2008-05-01,3371391.0,55832680.0,3.5
2008-06-01,3397218.0,59229898.0,3.7
2008-07-01,3406172.0,62636070.0,4.3
2008-08-01,3418561.0,66054631.0,4.8
2008-09-01,3431542.0,69486173.0,4.7
2008-10-01,3435559.0,72921732.0,4.6
2008-11-01,3449550.0,76371282.0,4.9
2008-12-01,3472919.0,79844201.0,5.1
2009-01-01,3488439.0,83332640.0,5.5
2009-02-01,3513667.0,86846307.0,6.1
2009-03-01,3523863.0,90370170.0,5.4
2009-04-01,3554376.0,93924546.0,6.0
2009-05-01,3581708.0,97506254.0,6.2
2009-06-01,3619893.0,101126147.0,6.6
2009-07-01,3648029.0,104774176.0,7.1
2009-08-01,3667062.0,108441238.0,7.3
2009-09-01,3686696.0,112127934.0,7.4
2009-10-01,3821487.0,115949421.0,11.2
2009-11-01,3844203.0,119793624.0,11.4
2009-12-01,3856982.0,123650606.0,11.1
2010-01-01,3880943.0,127531549.0,11.3
2010-02-01,3910479.0,131442028.0,11.3
2010-03-01,3928711.0,135370739.0,11.5
2010-04-01,3949677.0,139320416.0,11.1
2010-05-01,3977753.0,143298169.0,11.1
2010-06-01,3987455.0,147285624.0,10.2
2010-07-01,4014224.0,151299848.0,10.0
2010-08-01,4067853.0,155367701.0,10.9
2010-09-01,4081264.0,159448965.0,10.7
2010-10-01,4097767.0,163546732.0,7.2
2010-11-01,4124443.0,167671175.0,7.3
2010-12-01,4141033.0,171812208.0,7.4
2011-01-01,4174263.0,175986471.0,7.6
2011-02-01,4187992.0,180174463.0,7.1
2011-03-01,4214350.0,184388813.0,7.3
2011-04-01,4270628.0,188659441.0,8.1
2011-05-01,4298511.0,192957952.0,8.1
2011-06-01,4343097.0,197301049.0,8.9
2011-07-01,4533916.0,201834965.0,12.9
2011-08-01,4569071.0,206404036.0,12.3
2011-09-01,4605523.0,211009559.0,12.8
2011-10-01,4644891.0,215654450.0,13.4
2011-11-01,4688878.0,220343328.0,13.7
2011-12-01,4713491.0,225056819.0,13.8
2012-01-01,4753228.0,229810047.0,13.9
2012-02-01,4789999.0,234600046.0,14.4
2012-03-01,4803452.0,239403498.0,14.0
2012-04-01,4841685.0,244245183.0,13.4
2012-05-01,4874067.0,249119250.0,13.4
2012-06-01,4870398.0,253989648.0,12.1
2012-07-01,4860548.0,258850196.0,7.2
2012-08-01,4865191.0,263715387.0,6.5
2012-09-01,4871396.0,268586783.0,5.8
2012-10-01,4879122.0,273465905.0,5.0
2012-11-01,4892658.0,278358563.0,4.3
2012-12-01,4897938.0,283256501.0,3.9
2013-01-01,5072002.0,288328503.0,6.7
2013-02-01,5105174.0,293433677.0,6.6
2013-03-01,5226046.0,298659723.0,8.8
2013-04-01,5536157.0,304195880.0,14.3
2013-05-01,5632408.0,309828288.0,15.6
2013-06-01,5669361.0,315497649.0,16.4
2013-07-01,5691227.0,321188876.0,17.1
2013-08-01,5793832.0,326982708.0,19.1
2013-09-01,5918423.0,332901131.0,21.5
2013-10-01,5925685.0,338826816.0,21.4
2013-11-01,6139825.0,344966641.0,25.5
2013-12-01,6104380.0,351071021.0,24.6
2014-01-01,6733298.0,357804319.0,32.8
2014-02-01,6843890.0,364648209.0,34.1
2014-03-01,6974848.0,371623057.0,33.5
2014-04-01,7166421.0,378789478.0,29.4
2014-05-01,7349481.0,386138959.0,30.5
2014-06-01,7583821.0,393722780.0,33.8
2014-07-01,7816694.0,401539474.0,37.3
2014-08-01,8080735.0,409620209.0,39.5
2014-09-01,8322051.0,417942260.0,40.6
2014-10-01,8618100.0,426560360.0,45.4
2014-11-01,8824540.0,435384900.0,43.7
2014-12-01,8942826.0,444327726.0,46.5
2015-01-01,9109880.0,453437606.0,35.3
2015-02-01,9132553.0,462570159.0,33.4
2015-03-01,9261661.0,471831820.0,32.8
2015-04-01,9395010.0,481226830.0,31.1
2015-05-01,9548756.0,490775586.0,29.9
2015-06-01,9626935.0,500402521.0,26.9
2015-07-01,9723599.0,510126120.0,24.4
2015-08-01,9845013.0,519971133.0,21.8
2015-09-01,9943456.0,529914589.0,19.5
2015-10-01,10029065.0,539943654.0,16.4
2015-11-01,10123312.0,550066966.0,14.7
2015-12-01,10194917.0,560261883.0,14.0
2016-01-01,10252338.0,570514221.0,12.5
2016-02-01,10349006.0,580863227.0,13.3
2016-03-01,10438994.0,591302221.0,12.7
2016-04-01,10447790.0,601750011.0,11.2
2016-05-01,10478208.0,612228219.0,9.7
2016-06-01,10567113.0,622795332.0,9.8
2016-07-01,10571420.0,633366752.0,8.7
2016-08-01,10623679.0,643990431.0,7.9
2016-09-01,10617768.0,654608199.0,6.8
2016-10-01,10699469.0,665307668.0,6.7
2016-11-01,10713427.0,676021095.0,5.8
2016-12-01,10734598.0,686755693.0,5.3
2017-01-01,10695382.0,697451075.0,4.3
2017-02-01,10740100.0,708191175.0,3.8
2017-03-01,10769818.0,718960993.0,3.2
2017-04-01,10778389.0,729739382.0,3.2
2017-05-01,10781529.0,740520911.0,2.9
2017-06-01,10801412.0,751322323.0,2.2
2017-07-01,10818682.0,762141005.0,2.3
2017-08-01,10824780.0,772965785.0,1.9
2017-09-01,10821324.0,783787109.0,1.9
2017-10-01,10806436.0,794593545.0,1.0
2017-11-01,10774215.0,805367760.0,0.6
2017-12-01,10787636.0,816155396.0,0.5
2018-01-01,10733158.0,826888554.0,0.4
2018-02-01,10753901.0,837642455.0,0.1
2018-03-01,10747788.0,848390243.0,-0.2
2018-04-01,10738639.0,859128882.0,-0.4
2018-05-01,10723941.0,869852823.0,-0.5
2018-06-01,10697887.0,880550710.0,-1.0
2018-07-01,10668633.0,891219343.0,-1.4
2018-08-01,10657803.0,901877146.0,-1.5
2018-09-01,10633565.0,912510711.0,-1.7
2018-10-01,10601864.0,923112575.0,-1.9
2018-11-01,10584802.0,933697377.0,-1.8
2018-12-01,10550029.0,944247406.0,-2.2
2019-01-01,10505405.0,954752811.0,-2.1
2019-02-01,10483159.0,965235970.0,-2.5
2019-03-01,10470907.0,975706877.0,-2.6
2019-04-01,10458653.0,986165530.0,-2.6
2019-05-01,10440041.0,996605571.0,-2.6
2019-06-01,10442944.0,1007048515.0,-2.4
2019-07-01,10411103.0,1017459618.0,-2.4
2019-08-01,10383554.0,1027843172.0,-2.6
2019-09-01,10361121.0,1038204293.0,-2.6
2019-10-01,10347266.0,1048551559.0,-2.4
2019-11-01,10324791.0,1058876350.0,-2.5
2019-12-01,10271643.0,1069147993.0,-2.6
2020-01-01,10202639.0,1079350632.0,-2.9
2020-02-01,10199660.0,1089550292.0,-2.7
2020-03-01,10185643.0,1099735935.0,-2.7
2020-04-01,10278482.0,1110014417.0,-1.7
2020-05-01,10404908.0,1120419325.0,-0.3
2020-06-01,10539924.0,1130959249.0,0.9
2020-07-01,10662302.0,1141621551.0,2.4
2020-08-01,10783060.0,1152404611.0,3.8
2020-09-01,10879974.0,1163284585.0,5.0
2020-10-01,10971950.0,1174256535.0,6.0
2020-11-01,11066555.0,1185323090.0,7.2
2020-12-01,11162880.0,1196485970.0,8.7
2021-01-01,11247445.0,1207733415.0,10.2
2021-02-01,11319034.0,1219052449.0,11.0
2021-03-01,11388504.0,1230440953.0,11.8
2021-04-01,11475130.0,1241916083.0,11.6
2021-05-01,11565420.0,1253481503.0,11.2
2021-06-01,11622747.0,1265104250.0,10.3
2021-07-01,11686554.0,1276790804.0,9.6
2021-08-01,11745130.0,1288535934.0,8.9
2021-09-01,11798189.0,1300334123.0,8.4
2021-10-01,11851869.0,1312185992.0,8.0
2021-11-01,11914973.0,1324100965.0,7.7
2021-12-01,11969926.0,1336070891.0,7.2
2022-01-01,12196605.0,1348267496.0,8.4
2022-02-01,12242398.0,1360509894.0,8.2
2022-03-01,12325361.0,1372835255.0,8.2
2022-04-01,12394780.0,1385230035.0,8.0
2022-05-01,12517949.0,1397747984.0,8.2
2022-06-01,12624899.0,1410372883.0,8.6
2022-07-01,12849894.0,1423222777.0,10.0
2022-08-01,12925206.0,1436147983.0,10.0
2022-09-01,12986792.0,1449134775.0,10.1
2022-10-01,13046431.0,1462181206.0,10.1
2022-11-01,13146033.0,1475327239.0,10.3
2022-12-01,13209975.0,1488537214.0,10.4
2023-01-01,13462792.0,1502000006.0,10.4
2023-02-01,13893671.0,1515893677.0,13.5
2023-03-01,13971233.0,1529864910.0,13.4
2023-04-01,14081538.0,1543946448.0,13.6
2023-05-01,14149272.0,1558095720.0,13.0
2023-06-01,14204475.0,1572300195.0,12.5
2023-07-01,14157915.0,1586458110.0,10.2
2023-08-01,14142520.0,1600600630.0,9.4
2023-09-01,13953093.0,1614553723.0,7.4
2023-10-01,13827125.0,1628380848.0,6.0
2023-11-01,13679083.0,1642059931.0,4.1
2023-12-01,13538654.0,1655598585.0,2.5
2024-01-01,13753829.0,1669352414.0,2.2
2024-02-01,14108560.0,1683460974.0,1.5
2024-03-01,14115812.0,1697576786.0,1.0
2024-04-01,14094371.0,1711671157.0,0.1
2024-05-01,14046858.0,1725718015.0,-0.7
2024-06-01,13999559.0,1739717574.0,-1.4
2024-07-01,13985568.0,1753703142.0,-1.2
2024-08-01,13971676.0,1767674818.0,-1.2
2024-09-01,13969156.0,1781643974.0,0.1
2024-10-01,13959933.0,1795603907.0,1.0
2024-11-01,14308335.0,1809912242.0,4.6
2024-12-01,14380894.0,1824293136.0,6.2
2025-01-01,14052981.0,1838346117.0,2.2
2025-02-01,14073813.0,1852419930.0,-0.2
2025-03-01,14060582.0,1866480512.0,-0.4
2025-04-01,14018114.0,1880498626.0,-0.5
2025-05-01,14026509.0,1894525135.0,-0.1
2025-06-01,14040714.0,1908565849.0,0.3
2025-07-01,14068565.0,1922634414.0,0.6
2025-08-01,13973430.0,1936607844.0,0.0
2025-09-01,13906106.0,1950513950.0,-0.5
2025-10-01,13849132.0,1964363082.0,-0.8
2025-11-01,13804967.0,1978168049.0,-3.5
2025-12-01,13742352.0,1991910401.0,-4.4
2026-01-01,13608518.0,2005518919.0,-3.2
2026-02-01,13492253.0,2019011172.0,-4.1
2026-03-01,13377413.0,2032388585.0,-4.9
2026-04-01,13218640.0,2045607225.0,-5.7
2026-05-01,13066144.0,2058673369.0,-6.8
2026-06-01,12888522.0,2071561891.0,-8.2
