company,fragrance,strength,size,score,category,season,time
Aaron Terence Hughes,Addicted+,EDP,30,4.54,Gourmand,Cool,Night
Aaron Terence Hughes,Boss Bastard,EDP,5,3.95,Creamy Resinous Woods,Cool,Day/Night
Aaron Terence Hughes,Carbon,EDP,10,4.23,Floral,Warm/Cool,Day/Night
Aaron Terence Hughes,Daddy,EDP,10,4.42,Vanilla Gourmand,Warm/Cool,Day/Night
Aaron Terence Hughes,Fever,EDP,5,5,Floral,Warm/Cool,Day/Night
Aaron Terence Hughes,Forbidden,EDP,10,4.41,Gourmand,Cool,Day/Night
Aaron Terence Hughes,Ging Sling,EDP,5,4.52,Fresh Citrus,Warm,Day/Night
Aaron Terence Hughes,Guapo Extreme,EDP,10,4.07,Creamy Resinous Woods,Cool,Day/Night
Aaron Terence Hughes,Hard Candy Elixir,Elixir,5,4.67,Vanilla Gourmand,Cool,Day/Night
Aaron Terence Hughes,Homme,EDP,10,4.45,Floral,Cool,Day/Night
Aaron Terence Hughes,Maverick,EDP,10,4.42,Spicy,Cool,Day/Night
Aaron Terence Hughes,Notorious,EDP,10,4.46,Vanilla Gourmand,Warm/Cool,Day/Night
Aaron Terence Hughes,Onyx extreme,EDP,10,,Floral,Cool,Night
Aaron Terence Hughes,Ozone,EDP,10,4.4,Fresh Citrus,Warm,Day
Aaron Terence Hughes,Raw Cherry,EDP,10,4.05,Gourmand,Cool,Day/Night
Aaron Terence Hughes,Raw Cherry Extreme,EDP,5,4.32,Gourmand,Cool,Day/Night
Aaron Terence Hughes,Slut Elixir,EDP,10,4.43,Fruity,Warm/Cool,Day/Night
Aaron Terence Hughes,Supernova,EDP,5,4.38,Fruity,Warm/Cool,Day
Aaron Terence Hughes,Supersonic,EDP,5,4.38,Fruity,Warm/Cool,Day
Aaron Terence Hughes,Tabac Extreme,EDP,5,4.33,Tobacco,Cool,Day/Night
Acqua di Parma,Arancia di Capri Acqua di Parma,EDP,5,4.15,Fresh Citrus,Warm,Day
Acqua di Parma,Colonia Futura,EDC,5,3.85,Fresh Citrus,Warm/Cool,Day
Acqua di Parma,Blu Mediterraneo Arancia di Capri,EDP,5,4.14,Fresh Citrus,Warm,Day
Acqua di Parma,Blu Mediterraneo Fico Di Amalfi,EDT,5,4.33,Fruity,Warm,Day
Acqua di Parma,Essenza,EDC,5,4.34,Fresh Citrus,Warm/Cool,Day
Afnan,Afnan 9 PM,EDP,100,4.44,Vanilla Gourmand,Cool,Day/Night
Akro,Smile Akro,EDP,100,3.64,Fruity,Warm,Day
ALT. Fragrances,Atlantic Breeze,EDP,120,4.47,Fruity,Cool,Day
ALT. Fragrances,Daytime Drift,EDP,60,4.39,Fresh Citrus,Warm/Cool,Day
ALT. Fragrances,Immense,EDP,60,4.36,Spicy,Warm,Day/Night
ALT. Fragrances,Nomadic Shadow,EDP,60,4.3,Ambery/Resinous,Cool,Night
Amouage,Decision,EDP,5,4.14,Spicy,Warm/Cool,Day/Night
Amouage,Enclave,EDP,5,4.16,Fougere,,
Amouage,Interlude Black Iris,EDP,5,4.21,Creamy Resinous Woods,Cool,Day/Night
Amouage,Jubilation 40,EDP,5,4.44,Creamy Resinous Woods,Cool,Day/Night
Amouage,Memoir Man,EDP,5,4.27,Leather,Cool,Day/Night
Argos,Adonis Awakens,EDP,5,4.25,Floral,Warm/Cool,Day/Night
Argos,Bacio Immortale,EDP,5,4.07,Creamy Resinous Woods,Warm/Cool,Day/Night
Argos,Danae,EDP,5,4.29,Creamy Resinous Woods,Cool,Day/Night
Argos,Fall of Phaeton,EDP,5,4.5,Fresh Citrus,Warm/Cool,Day/Night
Argos,Midas Touch,EDP,5,,Leather,Cool,Night
Argos,Sacred Flame,EDP,5,4.25,Floral,Cool,Day/Night
Argos,Triumph Of Bacchus,EDP,5,4.41,Tobacco,Cool,Day/Night
Armaf,Club de Nuit Intense Man Parfum,Parfum,100,4.34,Fruity,Warm/Cool,Day/Night
Armani,Armani code,EDP,1,4.38,Dry Aromatic Woods,Warm,Day/Night
Armani,Stronger With You Leather,EDP,100,4.54,Leather,Cool,Night
Atelier des Ors,Riviera Drive,EDP,5,3.99,Fresh Citrus,Warm,Day
Atelier des Ors,Rouge Saray,EDP,5,4.1,Ambery/Resinous,Cool,Day/Night
Atelier des Ors,Lune Feline Extrait,EDP,5,4.22,Spicy,Cool,Day/Night
Azzaro,Forever Wanted Absolu,Parfum,5,4.42,Ambery/Resinous,Cool,Day/Night
Azzaro,Forever Wanted,Elixir,100,4.33,Leather,Cool,Night
Azzaro,Forever Wanted,Elixir,5,4.33,Leather,Cool,Night
Azzaro,The Most Wanted,EDP,100,4.57,Spicy,Cool,Night
Azzaro,The Most Wanted Parfum,EDP,100,4.61,Spicy,Cool,Night
BDK,Tabac Rose,EDP,5,4.05,Spicy,Cool,Day/Night
BDK,Gris Charnel Extrait,EDP,5,4.38,Creamy Resinous Woods,Cool,Day/Night
Bharara,King,EDP,5,4.36,Fresh Citrus,Warm/Cool,Day/Night
Bond No. 9,The Scent Of Peace for Him,EDP,5,4.14,Dry Aromatic Woods,Warm/Cool,Day/Night
Bond No. 9,Bleecker Street,EDP,5,4.2,Creamy Resinous Woods,Warm/Cool,Day/Night
Bond No. 9,Lafayette Street,EDP,5,4.38,Fougere,Warm/Cool,Day/Night
Bond No. 9,New York Nights,EDP,5,4.29,Gourmand,Cool,Day/Night
Boss,Absolu,Elixir,100,4.46,Ambery/Resinous,Cool,Night
Bvlgari,Man in Black,EDP,5,4.33,Floral,Cool,Day/Night
By Kilian,Intoxicated,EDP,5,4.11,Spicy,Cool,Day/Night
By Kilian,Bamboo Harmony,EDP,5,3.88,Fresh Citrus,Warm/Cool,Day
By Kilian,Black Phantom,EDP,5,4.08,Vanilla Gourmand,Cool,Night
By Kilian,Gold Knight,EDP,5,4.21,Spicy,Cool,Night
By Kilian,Old Fashioned,EDP,5,4.01,Dry Aromatic Woods,Cool,Day/Night
By Kilian,Smoking Hot,EDP,5,4.35,Tobacco,Cool,Day/Night
By Kilian,Angels' Share,EDP,5,4.37,Spicy,Cool,Day/Night
By Kilian,Angels' Share Paradis,EDP,5,4.32,Floral,Cool,Day/Night
By Kilian,Back to Black,EDP,5,4.02,Dry Aromatic Woods,Cool,Day/Night
Byredo,Black Saffron,EDP,5,3.93,Spicy,Warm/Cool,Day/Night
Byredo,Bal D'Afrique,EDP,5,4.15,Floral,Warm/Cool,Day/Night
Byredo,Mojave Ghost,EDP,5,3.95,Floral,Warm/Cool,Day
Carolina Herrera,212 VIP Black NYC,Elixir,100,4.1,Fougere,Cool,Night
Carolina Herrera,212 VIP Black NYC,Elixir,5,4.1,Fougere,Cool,Night
Carolina Herrera,Bad Boy Cobalt Parfum Electrique,EDP,100,4.32,Dry Aromatic Woods,Warm,Day/Night
Carolina Herrera,Bad Boy Cobalt Parfum Electrique,EDP,5,4.32,Dry Aromatic Woods,Warm,Day/Night
Carolina Herrera,Bad Boy Elixir,Elixir,100,3.98,Dry Aromatic Woods,Cool,Day/Night
Carolina Herrera,Bad Boy Elixir,Elixir,8,3.98,Dry Aromatic Woods,Cool,Day/Night
Carolina Herrera,Bad Boy Extreme,EDP,100,4.18,Leather,Cool,Night
Carolina Herrera,Bad Boy Extreme,EDP,5,4.18,Leather,Cool,Night
Carolina Herrera,CH Prive,EDT,5,4.3,Leather,Cool,Day/Night
Cartier,Declaration,EDT,5,4.04,Spicy,Warm/Cool,Day/Night
Cartier,Pasha De Cartier,EDT,5,4.13,Dry Aromatic Woods,Warm/Cool,Day/Night
Chanel,Allure Homme Sports,EDT,5,4.26,Aquatic,Warm,Day
Chanel,Bleu de Chanel,EDP,5,4.42,Dry Aromatic Woods,Warm/Cool,Day/Night
Chanel,Homme Sport Eau Extreme,EDP,5,4.34,Creamy Resinous Woods,Warm/Cool,Day/Night
Clive Christian,1872 Men,Parfum,5,4.3,Fresh Citrus,Warm,Day/Night
Clive Christian,X Masculine,EDP,5,4.36,Fougere,Cool,Day/Night
Comme des Garcon,Comme des Garcons 2,EDP,8,4.18,Floral,Warm/Cool,Day/Night
Creed,Aventus,EDP,5,4.33,Fresh Citrus,Warm/Cool,Day/Night
Creed,Original Santal,EDP,5,4.05,Creamy Resinous Woods,Warm/Cool,Day/Night
Creed,Virgin Island Water,EDP,5,4.31,Fresh Citrus,Warm,Day
d'Annam,Japanese Whiskey,EDP,5,4.17,Creamy Resinous Woods,Cool,Day/Night
d'Annam,Tokyo Nights,EDP,5,4.15,Ambery/Resinous,Cool,Night
d'Annam,Vietnamese Coffee,EDP,5,4.05,Gourmand,Cool,Day/Night
Dior,Fahrenheit Parfum,Parfum,5,4.29,Spicy,Cool,Night
Dior,Homme 2020,EDT,5,4.2,Dry Aromatic Woods,Warm/Cool,Day/Night
Dior,Tobacolor,EDP,5,4.18,Tobacco,Cool,Day/Night
Dior,Homme Sport,EDP,5,4.36,Creamy Resinous Woods,Warm/Cool,Day/Night
Dior,Sauvage EDT,EDT,200,3.87,Fougere,Warm/Cool,Day/Night
Dior,Sauvage Elixir,Elixir,5,4.32,Fougere,Warm,Night
Diptyque,L'Eau de Neroli,EDT,5,3.99,Fresh Citrus,Cool,Day
Diptyque,Philosykos,EDP,5,4.16,Aromatic green,Cool,Day/Night
Dolce & Gabbana,The One,EDT,5,4.49,Ambery/Resinous,Cool,Night
Dumont,Nitro Red Intensely,EDP,100,4.86,Spicy,Warm,Day/Night
Electimuss,Imperium,EDP,5,4.29,Ambery/Resinous,Warm/Cool,Day/Night
Electimuss,Trajan,EDP,5,4.23,Fruity,Warm/Cool,Day/Night
Electimuss,Black Caviar,EDP,5,3.95,Floral,Cool,Day/Night
Etat Libre d'Orange,You or Someone Like You,EDP,5,4.07,Fresh Citrus,Warm,Day
Ex Nihilo,Blue Talisman,EDP,5,4.16,Fruity,Warm/Cool,Day/Night
Fragrance Du Bois,London Spice,EDP,5,3.87,Spicy,Warm/Cool,Day/Night
Fragrance Du Bois,Lucius,Parfum,5,4.09,Ambery/Resinous,Warm/Cool,Day/Night
Frapin,L`Humaniste,EDP,5,4.22,Fresh Citrus,Warm/Cool,Day
Frederic Malle,Monsieur,EDT,5,4.05,Gourmand,Cool,Day/Night
Giardini Di Toscana,Bianco Latte,EDP,5,4.11,Vanilla Gourmand,Cool,Day/Night
Giorgio Armani,The Yulong,EDT,5,4.25,Aromatic Green,Cool,Day
Giorgio Armani,Acqua di Gio Profondo,EDP,5,4.35,Aquatic,Warm/Cool,Day
Giorgio Armani,Acqua di Gio Profumo,Parfum,5,4.41,Aquatic,Warm/Cool,Day/Night
Giorgio Armani,Stronger With You Leather,EDP,100,4.54,Leather,Cool,Night
Giorgio Armani,Stronger With You Leather,EDP,5,4.54,Leather,Cool,Night
Giorgio Armani,Acqua di Gio Profumo,EDP,125,4.41,Aquatic,Warm/Cool,Day/Night
Giorgio Armani,The Yulong,EDP,5,4.25,Aromatic Green,Cool,Day/Night
Giorgio Armani,Bois d'Encens,EDP,5,4.3,Dry Aromatic Woods,Cool,Day/Night
Givenchy,Gentleman,EDP,5,4.29,Ambery/Resinous,Cool,Night
Givenchy,Gentleman Reserve Privee,EDP,5,4.44,Ambery/Resinous,Cool,Night
Givenchy,Gentleman Society,EDP,5,4.17,Spicy,Cool,Night
Goldfield & Banks,Bohemian Lime,EDP,5,4.1,Fresh Citrus,Warm,Day
Guerlain,Feve Gourmande,EDP,5,4.32,Vanilla Gourmand,Cool,Day/Night
Guerlain,L'Homme Ideal,EDP,5,4.43,Creamy Resinous Woods,Warm/Cool,Day/Night
Guerlain,Peche Mirage,EDP,5,3.89,Floral,Warm/Cool,Day/Night
Guerlain,Spiritueuse Double Vanille,EDP,5,4.4,Vanilla Gourmand,Cool,Day/Night
Guerlain,Tobacco Honey,EDP,5,4.18,Tobacco,Cool,Night
Guerlain,Vetiver,Parfum,5,4.1,Fougere,Warm/Cool,Day/Night
Halloween,Man X,EDT,5,4.23,Fougere,Cool,Day/Night
Hermes,Concentre D'Orange Verte,EDT,5,4.32,Fresh Citrus,Cool,Day
Houbigant,Ambre des Abysses,EDP,5,4.39,Floral,Warm/Cool,Day/Night
House of Dastan,Five Senses,EDP,5,3.91,Ambery/Resinous,Warm/Cool,Day/Night
House of Dastan,Unseen,EDP,5,4.24,Ambery/Resinous,Warm/Cool,Day/Night
House of Dastan,Game of Joy,EDP,5,4.27,Fruity,Warm,Day
House of Dastan,12 Faces,EDP,5,,Creamy Resinous Woods,,
Initio,Side Effect,EDP,5,4.35,Tobacco,Cool,Day/Night
Issey Miyake,L'eau D'issey Pour Homme Intense,EDT,5,4.12,Aquatic,Warm/Cool,Day/Night
Issey Miyake,LEau dIssey Pour Homme Vetiver,EDT,5,4.16,Aquatic,Warm,Day
Intelligent,H20,EDP,5,4.64,Aquatic,Warm/Cool,Day/Night
Intelligent,Neon,EDP,5,4.3,Creamy Resinous Woods,Warm,Day
Intelligent,Iron,EDP,5,4.64,Fougere,Warm/Cool,Day/Night
Intelligent,Gold,EDP,5,4.43,Ambery/Resinous,Warm/Cool,Day/Night
Jean Paul Gaultier,Le Beau Le Parfum,EDP,125,4.54,Fougere,Cool,Day/Night
Jean Paul Gaultier,Le Male Elixir,Elixir,125,4.54,Fougere,Cool,Day/Night
Jean Paul Gaultier,Le Male Elixir,Elixir,3,4.54,Fougere,Cool,Day/Night
Jean Paul Gaultier,Le Male Le Parfum,EDP,125,4.6,Ambery/Resinous,Cool,Day/Night
Jean Paul Gaultier,Scandal Pour Homme Absolu,EDP,150,4.49,Spicy,Cool,Night
Jean Paul Gaultier,Scandal Pour Homme Absolu,EDP,10,4.49,Spicy,Cool,Night
Jean Paul Gaultier,Le Beau,EDT,5,4.32,Fruity,Cool,Day/Night
Jean Paul Gaultier,Le Beau Le Parfum,EDP,5,4.54,Fruity,Cool,Day/Night
Jean Paul Gaultier,Le Beau Flower Edition,EDP,5,4.06,Floral,Warm,Day
Jo Malone,Scarlet Poppy,Cologne,9,4.24,Floral,Cool,Day/Night
Jo Malone,Myrrh & Tonka,Cologne,100,4.21,Ambery/Resinous,Cool,Day/Night
Jo Malone,Myrrh & Tonka,Cologne,5,4.21,Ambery/Resinous,Cool,Day/Night
Jo Malone,Myrrh & Tonka,Cologne,9,4.21,Ambery/Resinous,Cool,Day/Night
Jo Malone,Red Hibiscus,Cologne,9,4.03,Floral,Warm/Cool,Day/Night
Jo Malone,English Pear and Freesia,Cologne,9,3.83,Floral,Warm/Cool,Day
Jo Malone,Wood Sage & Sea Salt,Cologne,5,4.07,Aquatic,Cool,Day
Jousset Parfums,Accident A La Vanille,EDP,5,4.05,Vanilla Gourmand,Cool,Day/Night
Jusbox,Fifty Four,EDP,5,4.12,Tobacco,Cool,Day/Night
Kenzo,Kenzo Homme,EDP,5,4.28,Aquatic,Warm/Cool,Day/Night
Kilian,Apple Brandy,EDP,5,4.12,Fruity,Cool,Day/Night
Lattafa,Khamrah Eau De Parfum,EDP,100,4.33,Spicy,Cool,Day/Night
Le Labo,The Matcha 26,EDP,5,4.12,Aromatic Green,Cool,Day
Les EAUX Primordiales,Mecanique Intuitive,EDP,5,4.07,Leather,Cool,Day/Night
Les Indemodables,Vanille Havane,EDP,5,4.33,Tobacco,Cool,Night
Lorenzo Pazzaglia,Black Sea,EDP,5,4.2,Aquatic,Warm/Cool,Day/Night
Lorenzo Pazzaglia,Que Chimba!,EDP,5,4.05,Fruity,Warm/Cool,Day/Night
Lorenzo Pazzaglia,Sex-Sea,EDP,5,4.26,Aquatic,Warm,Day/Night
Lorenzo Pazzaglia,Van Exstasyx,EDP,5,4.17,Gourmand,Warm/Cool,Day/Night
Lorenzo Pazzaglia,Van Py Rhum,EDP,5,4.27,Vanilla Gourmand,Cool,Day/Night
Lorenzo Pazzaglia,Summer Hammer,EDP,5,4.06,Fruity,Warm/Cool,Day
Lorenzo Pazzaglia,Sun-gria,EDP,5,4.25,Fruity,Warm,Day/Night
Lorenzo Pazzaglia,Speachless,EDP,5,4.05,Fruity,Warm/Cool,Day/Night
Lorenzo Pazzaglia,Van Sea,EDP,5,4.27,Aquatic,Warm/Cool,Day/Night
Louis Vuitton,Afternoon Swim,EDP,5,4.39,Fresh Citrus,Warm/Cool,Day
Louis Vuitton,Cactus Garden,EDP,5,4.15,Fresh Citrus,Warm,Day
Louis Vuitton,Imagination,EDP,5,4.56,Fresh Citrus,Warm,Day
Louis Vuitton,Ombre Nomade,EDP,5,4.3,Creamy Resinous Woods,Cool,Night
Louis Vuitton,Ombre Nomade,EDP,100,4.3,Creamy Resinous Woods,Cool,Night
Louis Vuitton,L'Immensite,EDP,5,4.36,Fresh Citrus,Warm,Day/Night
Louis Vuitton,Meteore,EDP,5,4.15,Fresh Citrus,Warm,Day/Night
Louis Vuitton,Orage,EDP,5,4.23,Fresh Citrus,Warm/Cool,Day/Night
Louis Vuitton,Pacific Chill,EDP,5,4.46,Fruity,Warm,Day
Loumari,Aomak,EDP,5,4.24,Fresh Citrus,Warm,Day/Night
Loumari,Nuage Noir,EDP,5,4.33,Leather,Cool,Day/Night
Loumari,Noble Cavale,EDP,5,4.28,Creamy Resinous Woods,Warm/Cool,Day/Night
Loumari,Amber Malatya,EDP,5,4.02,Spicy,Warm/Cool,Day/Night
Loumari,Maydan,EDP,5,4.04,Fougere,Warm/Cool,Day/Night
M. Micallef,GNTONIC,EDP,5,4.14,Spicy,Warm,Day/Night
M. Micallef,Notorious XO,EDP,5,4.49,Spicy,Cool,Day/Night
Maison Alhambra,Jean Lowe Azure,EDP,100,4.27,Ambery/Resinous,Warm,Day
Maison Alhambra,Jean Lowe Noir,EDP,100,4.11,Leather,Cool,Night
Maison Alhambra,Jean Lowe Vibe,EDP,100,4.12,,Warm/Cool,Day/Night
Maison Alhambra,Jean Lowe Immortal,EDP,100,4.37,Fresh Citrus,Warm/Cool,Day/Night
Maison Francis Kurkdjian,Baccarat Rouge 540,EDP,5,4.24,Floral,Warm/Cool,Day/Night
Maison Francis Kurkdjian,Grand Soir,EDP,5,4.31,Vanilla Gourmand,Warm/Cool,Day/Night
Maison Martin Margiela,By the Fireplace,EDT,5,4.23,Creamy Resinous Woods,Cool,Night
Maison Martin Margiela,Replica Jazz Club,EDP,30,4.2,Leather,Cool,Night
Maison Martin Margiela,Replica Jazz Club,EDT,5,4.2,Leather,Cool,Night
Mancera,Red Tobacco,EDP,5,4.06,Tobacco,Cool,Night
Mancera,Cedrat Boise,EDP,5,4.12,Fresh Citrus,Warm/Cool,Day/Night
Marc-Antoine Barrois,Ganymede,EDP,5,4.06,Dry Aromatic Woods,Warm/Cool,Day/Night
Masque Milano,Russian Tea,EDP,5,4.22,Aromatic Green,Cool,Day/Night
Matiere Premiere,Vanilla Powder,EDP,5,4.12,Vanilla Gourmand,Cool,Day/Night
Memo Paris,African Leather,EDP,5,4.27,Leather,Cool,Day/Night
Merchant of Venice,La Fenice Pour Homme,EDP,5,4.24,Floral,Warm/Cool,Day/Night
Mes Bisous,Crumble me softly,EDP,5,4,Gourmand,Cool,Day/Night
Mes Bisous,Oud Hypnotique,EDT,5,4.35,Spicy,Cool,Day/Night
Mes Bisous,Tobacco Flirting With Vanilla,EDP,5,4.04,Tobacco,Cool,Day/Night
Mes Bisous,A woundrous flight,EDP,5,4.17,Fresh Citrus,Warm/Cool,Day/Night
Mes Bisous,Out of Reach,EDP,5,4.55,Aquatic,Warm,Day
Mind Games,Playmate,EDP,5,4.28,Floral,Warm/Cool,Day
Mind Games,Lionora,EDP,2,4.23,Floral,Warm,Day/Night
Mind Games,As-Suli's Diamond,EDP,2,3.61,Ambery/Resinous,Warm/Cool,Day/Night
Mind Games,Grand Master,EDP,2,4.17,Ambery/Resinous,Cool,Day/Night
Mind Games,Opera Mate,EDP,5,4.48,Ambery/Resinous,Cool,Night
Mind Games,Mentor,EDP,5,4.29,Creamy Resinous Woods,Cool,Night
Mind Games,French Defense,EDP,2,4.5,Fougere,Cool,Day/Night
Mind Games,French Defense,EDP,100,4.5,Fougere,Cool,Day/Night
Mind Games,French Defense,EDP,5,4.5,Fougere,Cool,Day/Night
Mind Games,Gambit,EDP,2,4.38,Fougere,Warm/Cool,Day/Night
Mind Games,Gambit,EDP,5,4.38,Fougere,Warm/Cool,Day/Night
Mind Games,Gardez,EDP,2,3.89,Fougere,Cool,Day/Night
Mind Games,Counterplay,EDP,5,4.32,Fruity,Warm/Cool,Day/Night
Mind Games,The Forward,EDP,2,4.41,Fresh Citrus,Warm/Cool,Day/Night
Mind Games,The Forward,EDP,5,4.41,Fresh Citrus,Warm/Cool,Day/Night
Mind Games,Vieri,EDP,2,4.05,Fresh Citrus,Warm/Cool,Day/Night
Mind Games,Vieri,EDP,5,4.05,Fresh Citrus,Warm/Cool,Day/Night
Mind Games,Blockade,Parfum,2,4.35,Fruity,Warm,Day
Mind Games,Double Attack,EDP,100,4.09,Gourmand,Cool,Day/Night
Mind Games,Double Attack,EDP,2,4.09,Gourmand,Cool,Day/Night
Mind Games,Double Attack,EDP,5,4.09,Gourmand,Cool,Day/Night
Mind Games,Queening,EDP,2,4.33,Gourmand,Warm/Cool,Day/Night
Mind Games,Queening,EDP,5,4.33,Gourmand,Warm/Cool,Day/Night
Mind Games,Kingside,EDP,5,4.5,Gourmand,Warm/Cool,Day/Night
Mind Games,Ruy Lopez,EDP,100,3.96,Leather,Cool,Day/Night
Mind Games,Ruy Lopez,EDP,5,3.96,Leather,Cool,Day/Night
Mind Games,J'Adoube,EDP,2,4.09,Leather,Warm/Cool,Day/Night
Mind Games,Check Please,EDP,5,4.24,Spicy,Cool,Day/Night
Mind Games,Castling,EDP,2,3.9,,Warm/Cool,Day/Night
Mind Games,En Prise,EDP,2,4.17,,Warm/Cool,Day/Night
Mind Games,Sans Voir,EDP,2,3.86,,Warm,Day/Night
Mind Games,Scholar's Mate,EDP,2,3.41,,Cool,Day/Night
Mind Games,Prodigy,EDP,2,4.38,,Cool,Day/Night
Mind Games,Sissa,EDP,2,4.02,,Cool,Day/Night
Mind Games,Checkmate,EDP,2,4.07,Floral,Warm/Cool,Day/Night
Mind Games,Caissa,EDP,2,3.87,Floral,Warm/Cool,Day/Night
Mind Games,Blockade,Parfum,100,4.35,Fruity,Warm,Day
Mind Games,Blockade,Parfum,5,4.35,Fruity,Warm,Day
Mont Blanc,Explorer,EDP,100,4.24,Dry Aromatic Woods,Warm/Cool,Day/Night
Mont Blanc,Explorer,EDP,5,4.24,Dry Aromatic Woods,Warm/Cool,Day/Night
Montale,Chocolate Greedy,EDP,5,3.93,Gourmand,Cool,Day/Night
Montale,Intense Cafe,EDP,5,3.96,Gourmand,Cool,Day/Night
Mugler,Angel Men A*Men,EDT,5,4.33,Gourmand,Cool,Day/Night
Narciso Rodriguez,Bleu Noir,EDT,5,4.14,Dry Aromatic Woods,Warm/Cool,Day/Night
Nasomatto,Pardon,EDT,30,4.28,Spicy,Warm,Day/Night
Nasomatto,Pardon,EDT,5,4.28,Spicy,Cool,Day/Night
Nautica,Voyage,EDT,100,3.92,Aquatic,Warm/Cool,Day
Nautica,Voyage,EDT,10,3.92,Aquatic,Warm/Cool,Day
Navitus Parfums,XO Brandy,EDP,5,4.1,Floral,Cool,Day/Night
Nishane,Ani,EDP,100,4.26,Floral,Warm/Cool,Day/Night
Nishane,Ani,EDP,5,4.26,Floral,Warm/Cool,Day/Night
Nishane,Hundred Silent Ways,EDP,5,4.18,Floral,Warm/Cool,Day/Night
Nishane,Papilefiko,EDP,5,4.21,Spicy,Warm/Cool,Day/Night
Nishane,Fan Your Flames,EDP,5,4.05,Creamy Resinous Woods,Cool,Day/Night
Nishane,B-612,EDP,5,4.1,Dry Aromatic Woods,Warm/Cool,Day/Night
Nishane,Safran Cologniese,EDP,100,4.37,Leather,Warm,Day
Nishane,Safran Cologniese,EDC,100,4.38,Leather,Warm/Cool,Day/Night
Nishane,Nefs,Parfum,5,4.36,Creamy Resinous Woods,Cool,Night
Nishane,Wulong Cha,EDP,5,4.25,Aromatic Green,Warm,Day
Nishane,Hacivat,EDP,5,4.33,Fresh Citrus,Warm/Cool,Day/Night
Omanluxury,Royal Incense,EDP,5,4.21,Dry Aromatic Woods,Cool,Day/Night
Pana Dora,Forever Love,EDP,5,4.33,Fresh Citrus,Warm/Cool,Day/Night
Pantheon Roma,R Special Edition,EDP,2.5,4.47,Ambery/Resinous,Cool,Day/Night
Pantheon Roma,R Special Edition,EDP,2,4.47,Ambery/Resinous,Cool,Day/Night
Parfums de Marly,Layton,EDP,5,4.45,Floral,Warm/Cool,Day/Night
Parfums de Marly,Layton Exclusif,Parfum,5,4.29,Ambery/Resinous,Cool,Day/Night
Parfums de Marly,Haltane,EDP,5,4.37,Creamy Resinous Woods,Cool,Day/Night
Parfums de Marly,Haltane,EDP,125,4.37,Creamy Resinous Woods,Cool,Day/Night
Parfums de Marly,Pegasus Exclusif,Parfum,5,4.26,Creamy Resinous Woods,Cool,Day/Night
Parfums de Marly,Sedley,EDP,5,4.24,Dry Aromatic Woods,Warm,Day
Parfums de Marly,Pagasus,EDP,5,4.09,Fougere,Warm/Cool,Day/Night
Parfums de Marly,Castley,EDP,5,4.13,Fresh Citrus,Warm,Day/Night
Parfums de Marly,Galloway,EDP,5,4.04,Fresh Citrus,Warm,Day/Night
Parfums de Marly,Althair,EDP,5,4.42,Gourmand,Cool,Day/Night
Parfums de Marly,Godolphin,EDP,5,4.15,Leather,Warm/Cool,Day/Night
Parfums de Marly,Herod,EDP,125,4.44,Spicy,Cool,Day/Night
Parfums de Marly,Kalan,EDP,5,3.67,Spicy,Warm/Cool,Day/Night
Parfums de Marly,Herod,EDP,5,4.44,Tobacco,Cool,Day/Night
Parfums de Marly,Greenley,EDP,5,4.22,Fresh Citrus,Warm/Cool,Day
Parfums de Marly,Percival,EDP,5,4.23,Fresh Citrus,Warm/Cool,Day/Night
Parfums de Marly,Greenley,EDP,50,4.22,Fresh Citrus,Warm,Day
Penhaligon's,Babylon,EDP,5,4.24,Spicy,Cool,Day/Night
Penhaligon's,Changing Constance,EDP,5,4.3,Tobacco,Cool,Day/Night
Penhaligon's,The Blazing Mr Sam,EDP,5,4.32,Dry Aromatic Woods,Cool,Day/Night
Penhaligon's,The Omniscient Mr Thompson,EDP,5,4.18,Dry Aromatic Woods,Cool,Day/Night
Penhaligon's,The Dandy,EDP,5,4,Spicy,Cool,Day/Night
Penhaligon's,The Tragedy of Lord George,EDP,5,4.13,Ambery/Resinous,Cool,Day/Night
Perroy,Goldfawn,EDP,100,3.98,Vanilla Gourmand,Cool,Day
Precious Liquid,Blue Agave,EDP,5,3.85,Aquatic,Warm,Day/Night
Precious Liquid,Tobacco Royal,EDP,5,4.08,Tobacco,Warm/Cool,Day/Night
Precious Liquid,Juniper Oud,EDP,3,3.19,Aromatic Green,Cool,Night
Precious Liquid,Miami Sunrise,EDP,5,2.2,Fruity,Warm/Cool,Day
Precious Liquid,Salt & Pepper,EDP,5,3.89,Aquatic,Warm/Cool,Day/Night
Precious Liquid,Turquoise Water,EDP,5,3.1,Aquatic,Warm,Day/Night
Rabanne,Armure Mara,EDP,10,4.21,Floral,Cool,Day/Night
Rabanne,Silver Skin,EDP,10,4.14,Floral,Warm/Cool,Day/Night
Rabanne,Mesh Metal,EDP,10,4.07,Ambery/Resinous,Warm/Cool,Day/Night
Rabanne,1 Million,Elixir,5,4.4,Creamy Resinous Woods,Cool,Day/Night
Rabanne,1 Million,Elixir,100,4.4,Creamy Resinous Woods,Cool,Day/Night
Rabanne,1 Million Royal,Elixir,100,4.4,Creamy Resinous Woods,Cool,Day/Night
Rabanne,1 Million Royal,Elixir,3,4.4,Creamy Resinous Woods,Cool,Day/Night
Rabanne,1 Million Royal,Elixir,5,4.4,Creamy Resinous Woods,Cool,Day/Night
Rabanne,Midnight Sex,EDP,10,3.76,Floral,Warm/Cool,Day/Night
Rabanne,Rose 1969,EDP,10,2.62,Floral,Warm/Cool,Day/Night
Rabanne,Phantom Intense,EDP,100,4.11,Fougere,Warm/Cool,Day/Night
Rabanne,Phantom Intense,EDP,5,4.11,Fougere,Warm/Cool,Day/Night
Rabanne,1 Million Golden Oud,Parfum,125,4.19,Leather,Cool,Day/Night
Rabanne,Oud Montaigne,EDP,10,4.45,Leather,Cool,Night
Rabanne,1 million Prive,EDP,5,4.37,Tobacco,Cool,Day/Night
Rabanne,Million Gold Elixir,Parfum,125,3.84,Vanilla Gourmand,Cool,Day/Night
Rabanne,Night Soul,EDP,10,4.33,Creamy Resinous Woods,Cool,Night
Rabanne,After Club,EDP,10,4.33,Ambery/Resinous,Cool,Day/Night
Rabanne,Invictus,EDP,5,3.77,Aquatic,Warm,Day/Night
Rabanne,Phantom Elixir,Elixir,100,3.62,Aquatic,Warm/Cool,Day/Night
Rabanne,Phantom Parfum,EDP,100,3.87,Aromatic Green,Warm/Cool,Day/Night
Ralph Lauren,Polo 67,EDP,5,4.26,Fruity,Warm/Cool,Day/Night
Ralph Lauren,Polo 67,EDP,100,4.24,Fruity,Warm,Day
Ralph Lauren,Polo 67 Extreme,EDP,5,4.24,Fruity,Warm/Cool,Day/Night
Ralph Lauren,Ralph's Club Eau de Parfum,EDP,50,4.11,Fresh Citrus,Warm/Cool,Day/Night
Ralph Lauren,Ralph's Club Eau de Parfum,EDP,10,4.11,Fresh Citrus,Warm/Cool,Day/Night
Rasasi,Hawas Black,EDP,5,4.25,Creamy Resinous Woods,Warm/Cool,Day/Night
Roja,A Midsummer Dream,EDP,5,4.13,Dry Aromatic Woods,Warm/Cool,Day/Night
Roja,Creation Enigma,Parfum,5,3.94,Tobacco,Cool,Day/Night
Roja,Elysium Pour Homme,Parfum,5,4.3,Fougere,Cool,Day/Night
Roja,Burlington 1819,EDP,5,4.29,Fresh Citrus,Warm/Cool,Day/Night
Roja,Oceania,EDP,5,4.2,Fresh Citrus,Warm,Day
Scents of Wood,Plum in Cognac,EDP,5,4.28,Dry Aromatic Woods,Cool,Day/Night
Spirit Of Dubai,Ajyal,EDP,5,4.23,Ambery/Resinous,Warm/Cool,Day/Night
Spirit Of Dubai,Meydan,EDP,5,4.46,Leather,Cool,Day/Night
Spirit Of Dubai,Rimal,EDP,5,4.31,Ambery/Resinous,Warm/Cool,Day/Night
Spirit Of Dubai,Turath,EDP,5,4.43,Ambery/Resinous,Cool,Day/Night
Spirit Of Dubai,Bahar,EDP,5,4.32,Fresh Citrus,Warm/Cool,Day/Night
Stephane Humbert Lucas 777,The Queen and the Viper,EDP,5,4.65,Dry Aromatic Woods,Warm/Cool,Day
Stephane Humbert Lucas 777,Mortal Skin,EDP,5,4.13,Creamy Resinous Woods,Cool,Day/Night
Stephane Humbert Lucas 777,Sand Dance,EDP,50,4.16,Vanilla Gourmand,Cool,Day/Night
Stephane Humbert Lucas 777,Sand Dance,EDP,5,4.16,Vanilla Gourmand,Cool,Day/Night
Stephane Humbert Lucas 777,God Of Fire,EDP,5,4.28,Fruity,Warm,Day
Stephane Humbert Lucas 777,God Of Fire,EDP,50,4.28,Fruity,Warm,Day
Testament London,Brown Sugar,EDP,5,4.79,Gourmand,Cool,Day/Night
The House of Oud,Ruby Red,EDP,5,4.14,Vanilla Gourmand,Cool,Day/Night
The Merchant of Venice,Arabesque,EDP,5,4.36,Ambery/Resinous,Cool,Day/Night
The Merchant of Venice,VINEGIA 21,EDP,5,4.36,Ambery/Resinous,Cool,Day/Night
The Woods Collection,Royal Night,EDP,5,4.38,Creamy Resinous Woods,Cool,Night
The Woods Collection,Royal Night,EDP,100,4.38,Creamy Resinous Woods,Cool,Night
Tom Ford,Black Orchid,Parfum,5,4.09,Floral,Cool,Day/Night
Tom Ford,Beau de Jour,EDP,5,4.3,Fougere,Warm/Cool,Day/Night
Tom Ford,Ombre Leather,Parfum,5,4.32,Leather,Cool,Night
Tom Ford,Tobacco Vanille,EDP,5,4.2,Tobacco,Cool,Day
Tom Ford,Neroli Portofino,EDP,5,3.95,Fresh Citrus,Warm/Cool,Day
Toskovat,Desert Sermons,EDP,5,4.28,Creamy Resinous Woods,Cool,Day/Night
Toskovat,Last Birthday Cake,EDP,5,4.16,Gourmand,Cool,Day/Night
Tumi,Continuum,EDP,5,4.33,Creamy Resinous Woods,Cool,Day/Night
Une Nuit Nomad,Sugar Leather,EDP,5,4.32,Gourmand,Cool,Day/Night
Versace,Versace Pour Homme,EDT,5,4.28,Fougere,Warm,Day
Vertus Paris,Vanilla Oud,EDP,5,,Vanilla Gourmand,Warm/Cool,Day/Night
Viktor&Rolf,Spice Bomb Extreme,EDP,15,4.5,Spicy,Cool,Night
Viktor&Rolf,Spice Bomb Fresh,EDT,15,4.25,Spicy,Warm,Day/Night
Viktor&Rolf,Spice Bomb Metallic Musk,EDP,30,5,Spicy,Warm,Day/Night
Viktor&Rolf,Spicebomb Dark Leather,EDP,5,3.86,Leather,Cool,Night
Viktor&Rolf,Spicebomb Night Vision,EDT,90,3.73,Fougere,Warm/Cool,Day/Night
Voyages Imaginaires,Tea & Rock'n Roll,EDP,5,4.07,Aromatic Green,Warm/Cool,Day
Xerjoff,17/17 Richwood,EDP,5,4.4,Creamy Resinous Woods,Cool,Day/Night
Xerjoff,17/17 Stone Label Symphonium,EDP,5,3.99,Vanilla Gourmand,Cool,Day/Night
Xerjoff,Alexandria II,Parfum,5,4.24,Creamy Resinous Woods,Cool,Night
Xerjoff,Casamorati 1888 Mefisto,EDP,5,4.25,Fougere,Warm,Day
Xerjoff,Casamorati 1888 Mefisto Gentiluomo,EDP,125,4.33,Fougere,Warm/Cool,Day/Night
Xerjoff,Casamorati 1888 Mefisto Gentiluomo,EDP,5,4.33,Fougere,Warm/Cool,Day/Night
Xerjoff,Ceylon,EDP,5,4.11,Dry Aromatic Woods,Cool,Day/Night
Xerjoff,Don,EDP,5,4,Fougere,Cool,Day/Night
Xerjoff,1861 Renaissance,EDP,5,4.28,Fresh Citrus,Warm,Day
Xerjoff,40 Knots,EDP,5,4.26,Aquatic,Warm/Cool,Day/Night
Xerjoff,Golden Dallah,EDP,5,4.15,Spicy,Warm,Day/Night
Xerjoff,La Capitale,EDP,5,4.09,Vanilla Gourmand,Warm/Cool,Day/Night
Xerjoff,Louis XV 1722,EDP,5,4.24,Creamy Resinous Woods,Warm/Cool,Day/Night
Xerjoff,Shooting Stars Uden Overdose,Parfum,5,4.21,Spicy,Warm/Cool,Day/Night
Xerjoff,Starlight,EDP,5,4.41,Spicy,Cool,Day/Night
Xerjoff,Starlight,EDP,50,4.41,Spicy,Cool,Day/Night
Xerjoff,Tony Iommi Deified,EDP,5,4.15,Spicy,Cool,Night
Xerjoff,Tony Iommi Deified,EDP,50,4.15,Spicy,Cool,Night
Xerjoff,Tony Iommi Monkey Special Xerjoff,EDP,100,4.3,Spicy,Cool,Night
Xerjoff,Tony Iommi Monkey Special Xerjoff,EDP,5,4.3,Spicy,Cool,Night
Xerjoff,Casamorati 1888 Fiero,EDP,5,4.17,Fresh Citrus,Warm,Day
Xerjoff,Erba Gold,EDP,5,4.36,Fruity,Warm,Day
Xerjoff,Erba Pura,EDP,5,3.8,Fruity,Warm/Cool,Day/Night
Xerjoff,Torino21,EDP,5,4.49,Aromatic Green,Warm,Day
Xerjoff,XJ 1861 Naxos,EDP,5,4.5,Tobacco,Warm,Day/Night
Xerjoff,XJ 1861 Zefiro,EDP,5,4.19,Spicy,Warm/Cool,Day/Night
Xerjoff,Torino21,EDP,50,4.5,Aromatic Green,Warm,Day
Xerjoff,XJ 1861 Naxos,EDP,100,4.5,Fresh Citrus,Warm,Day/Night
Yves Saint Laurent,Babycat Raw Bourbon,EDP,5,4.61,Dry Aromatic Woods,Cool,Day/Night
Yves Saint Laurent,Y,EDP,5,4.4,Fougere,Warm/Cool,Day/Night
Zaharoff,Seamless Soul,EDP,50,4.43,Dry Aromatic Woods,Warm/Cool,Day/Night
Zaharoff,Sun-Kissed Island,EDP,50,3.74,Fruity,Warm,Day/Night
